id,slug,sha,module_org,testName,GPT-2
11,TooTallNate_Java-WebSocket,fa3909c391195178ccf5a92d4ac342a30ae247c8,.,org.java_websocket.issues.Issue580Test#runNoCloseBlockingTestScenario2,6.439598718
id,slug,sha,module_org,testName,GPT-2
11,TooTallNate_Java-WebSocket,fa3909c391195178ccf5a92d4ac342a30ae247c8,.,org.java_websocket.issues.Issue580Test#runNoCloseBlockingTestScenario2,6.537369906
8,Alluxio_alluxio,78c063ae181279d81cbc0808a684864a8c8b311c,.,tachyon.client.TachyonFileTest#isInMemoryTest2,13.556234376
11,TooTallNate_Java-WebSocket,fa3909c391195178ccf5a92d4ac342a30ae247c8,.,org.java_websocket.issues.Issue580Test#runNoCloseBlockingTestScenario2,6.465902020
13,TooTallNate_Java-WebSocket,fa3909c391195178ccf5a92d4ac342a30ae247c8,.,org.java_websocket.issues.Issue580Test#runNoCloseBlockingTestScenario4,6.418502394
14,TooTallNate_Java-WebSocket,fa3909c391195178ccf5a92d4ac342a30ae247c8,.,org.java_websocket.issues.Issue580Test#runNoCloseBlockingTestScenario5,6.532020394
15,TooTallNate_Java-WebSocket,fa3909c391195178ccf5a92d4ac342a30ae247c8,.,org.java_websocket.issues.Issue580Test#runNoCloseBlockingTestScenario8,6.448077388
16,TooTallNate_Java-WebSocket,fa3909c391195178ccf5a92d4ac342a30ae247c8,.,org.java_websocket.issues.Issue677Test#testIssue,6.636621274
21,apache_dubbo,737f7a7ea67832d7f17517326fb2491d0a086dd7,dubbo-rpc/dubbo-rpc-dubbo,org.apache.dubbo.rpc.protocol.dubbo.DubboProtocolTest#testNonSerializedParameter,6.856360753
22,apache_httpcore,49247d208bde47f652812493e1d3576e136b8eb8,httpcore,org.apache.http.pool.TestConnPool#testLeaseTimeout,4.684380951
27,doanduyhai_Achilles,e3099bdce342910951c4862c78751fd81ed4552e,integration-test-2_1,info.archinnov.achilles.it.TestDSLSimpleEntity#should_dsl_select_with_token_value,4.886264709
28,doanduyhai_Achilles,e3099bdce342910951c4862c78751fd81ed4552e,integration-test-2_1,info.archinnov.achilles.it.TestEntityWithComplexIndices#should_query_using_collection_index,4.928975551
29,doanduyhai_Achilles,e3099bdce342910951c4862c78751fd81ed4552e,integration-test-2_1,info.archinnov.achilles.it.TestEntityWithComplexIndices#should_query_using_full_collection_index,4.867258298
30,doanduyhai_Achilles,e3099bdce342910951c4862c78751fd81ed4552e,integration-test-2_1,info.archinnov.achilles.it.TestEntityWithComplexIndices#should_query_using_index_and_clustering_column,4.880310115
31,doanduyhai_Achilles,e3099bdce342910951c4862c78751fd81ed4552e,integration-test-2_1,info.archinnov.achilles.it.TestEntityWithComplexIndices#should_query_using_index_and_clustering_column_slice,4.868687977
36,doanduyhai_Achilles,e3099bdce342910951c4862c78751fd81ed4552e,integration-test-2_1,info.archinnov.achilles.it.TestEntityWithComplexIndices#should_query_using_simple_index,4.941583992
39,doanduyhai_Achilles,e3099bdce342910951c4862c78751fd81ed4552e,integration-test-2_2,info.archinnov.achilles.it.TestEntityWithIndicesForJSON#should_query_using_full_collection_index_fromJSON,4.855637965
40,doanduyhai_Achilles,e3099bdce342910951c4862c78751fd81ed4552e,integration-test-2_2,info.archinnov.achilles.it.TestEntityWithIndicesForJSON#should_query_using_index_and_clustering_column_fromJSON,4.898913479
41,doanduyhai_Achilles,e3099bdce342910951c4862c78751fd81ed4552e,integration-test-2_2,info.archinnov.achilles.it.TestEntityWithIndicesForJSON#should_query_using_map_key_entry_fromJSON,4.867361717
42,doanduyhai_Achilles,e3099bdce342910951c4862c78751fd81ed4552e,integration-test-2_2,info.archinnov.achilles.it.TestEntityWithIndicesForJSON#should_query_using_map_key_index_fromJSON,4.877363294
43,doanduyhai_Achilles,e3099bdce342910951c4862c78751fd81ed4552e,integration-test-2_2,info.archinnov.achilles.it.TestEntityWithIndicesForJSON#should_query_using_map_key_value_fromJSON,4.919111485
44,doanduyhai_Achilles,e3099bdce342910951c4862c78751fd81ed4552e,integration-test-2_2,info.archinnov.achilles.it.TestEntityWithIndicesForJSON#should_query_using_simple_index_fromJSON,4.896279899
45,doanduyhai_Achilles,e3099bdce342910951c4862c78751fd81ed4552e,integration-test-3_10,info.archinnov.achilles.it.TestEntityForGroupByIT#should_select_sum_group_by_partition_keys,4.978221375
46,doanduyhai_Achilles,e3099bdce342910951c4862c78751fd81ed4552e,integration-test-3_10,info.archinnov.achilles.it.TestEntityForGroupByIT#should_select_sum_group_by_partition_keys_and_one_clustering,4.875833358
48,doanduyhai_Achilles,e3099bdce342910951c4862c78751fd81ed4552e,integration-test-3_7,info.archinnov.achilles.it.TestEntityWithSASIIndices#should_search_using_end_with,4.977425344
50,doanduyhai_Achilles,e3099bdce342910951c4862c78751fd81ed4552e,integration-test-3_7,info.archinnov.achilles.it.TestEntityWithSASIIndices#should_search_using_like,4.867440195
56,feroult_yawp,b3bcf9c958d51b3b3f8fdd0ccc26923d5a531da1,yawp-testing/yawp-testing-appengine,io.yawp.testing.appengine.pipes.flow.FlowDropsTest#testFlowDropsToSameSink,7.782667812
57,flaxsearch_luwak,c27ec08c803db6ca6be1b6e8017f45667e603161,luwak,uk.co.flax.luwak.matchers.TestPartitionMatcher#testParallelSlowLog,4.915414459
59,javadelight_delight-nashorn-sandbox,da35edc0a75424bad8cbf60959fae253202154c4,.,delight.nashornsandbox.TestGetFunction#test,4.718258848
60,kagkarlsson_db-scheduler,4a8a28e60640dcd03e8d3bf212f483d35b0b6310,.,com.github.kagkarlsson.scheduler.compatibility.HsqlCompatibilityTest#test_compatibility,5.473417836
62,qos-ch_logback,0f57531977287fd3d8c9046e9f68e281715f3b10,logback-classic,ch.qos.logback.classic.net.SMTPAppender_GreenTest#testCustomBufferSize,9.096213893
63,qos-ch_logback,0f57531977287fd3d8c9046e9f68e281715f3b10,logback-classic,ch.qos.logback.classic.net.SMTPAppender_GreenTest#testCustomEvaluator,9.006100821
64,qos-ch_logback,0f57531977287fd3d8c9046e9f68e281715f3b10,logback-core,ch.qos.logback.core.FileAppenderResilienceTest#smoke,4.881430986
65,square_okhttp,129c937fb33328e1f4ee8815a94e89676f242c2c,okhttp-tests,com.squareup.okhttp.internal.spdy.SpdyConnectionTest#receiveGoAway,5.876475511
83,apache_incubator-dubbo,737f7a7e,dubbo-cluster,org.apache.dubbo.rpc.cluster.support.AbstractClusterInvokerTest#testSelect_multiInvokers,5.927731009
84,TooTallNate_Java-WebSocket,fa3909c391195178ccf5a92d4ac342a30ae247c8,.,org.java_websocket.issues.Issue256Test#runReconnectBlockingScenario0,5.065072718
85,TooTallNate_Java-WebSocket,fa3909c391195178ccf5a92d4ac342a30ae247c8,.,org.java_websocket.issues.Issue256Test#runReconnectBlockingScenario1,5.404898187
86,TooTallNate_Java-WebSocket,fa3909c391195178ccf5a92d4ac342a30ae247c8,.,org.java_websocket.issues.Issue256Test#runReconnectBlockingScenario2,4.616001884
87,TooTallNate_Java-WebSocket,fa3909c391195178ccf5a92d4ac342a30ae247c8,.,org.java_websocket.issues.Issue256Test#runReconnectBlockingScenario3,4.676313233
88,TooTallNate_Java-WebSocket,fa3909c391195178ccf5a92d4ac342a30ae247c8,.,org.java_websocket.issues.Issue256Test#runReconnectBlockingScenario4,4.581709057
89,TooTallNate_Java-WebSocket,fa3909c391195178ccf5a92d4ac342a30ae247c8,.,org.java_websocket.issues.Issue256Test#runReconnectBlockingScenario5,4.592694624
90,TooTallNate_Java-WebSocket,fa3909c391195178ccf5a92d4ac342a30ae247c8,.,org.java_websocket.issues.Issue256Test#runReconnectBlockingScenario6,4.618663877
91,TooTallNate_Java-WebSocket,fa3909c391195178ccf5a92d4ac342a30ae247c8,.,org.java_websocket.issues.Issue256Test#runReconnectBlockingScenario7,4.678406491
92,TooTallNate_Java-WebSocket,fa3909c391195178ccf5a92d4ac342a30ae247c8,.,org.java_websocket.issues.Issue256Test#runReconnectBlockingScenario8,4.647211954
93,TooTallNate_Java-WebSocket,fa3909c391195178ccf5a92d4ac342a30ae247c8,.,org.java_websocket.issues.Issue256Test#runReconnectBlockingScenario9,4.705942647
94,TooTallNate_Java-WebSocket,fa3909c391195178ccf5a92d4ac342a30ae247c8,.,org.java_websocket.issues.Issue256Test#runReconnectScenario0,4.657591521
95,TooTallNate_Java-WebSocket,fa3909c391195178ccf5a92d4ac342a30ae247c8,.,org.java_websocket.issues.Issue256Test#runReconnectScenario1,4.643169707
96,TooTallNate_Java-WebSocket,fa3909c391195178ccf5a92d4ac342a30ae247c8,.,org.java_websocket.issues.Issue256Test#runReconnectScenario2,4.680163375
97,TooTallNate_Java-WebSocket,fa3909c391195178ccf5a92d4ac342a30ae247c8,.,org.java_websocket.issues.Issue256Test#runReconnectScenario3,4.776132148
98,TooTallNate_Java-WebSocket,fa3909c391195178ccf5a92d4ac342a30ae247c8,.,org.java_websocket.issues.Issue256Test#runReconnectScenario4,4.675964226
99,TooTallNate_Java-WebSocket,fa3909c391195178ccf5a92d4ac342a30ae247c8,.,org.java_websocket.issues.Issue256Test#runReconnectScenario5,4.649429986
100,TooTallNate_Java-WebSocket,fa3909c391195178ccf5a92d4ac342a30ae247c8,.,org.java_websocket.issues.Issue256Test#runReconnectScenario6,4.744848204
101,TooTallNate_Java-WebSocket,fa3909c391195178ccf5a92d4ac342a30ae247c8,.,org.java_websocket.issues.Issue256Test#runReconnectScenario7,4.656271896
102,TooTallNate_Java-WebSocket,fa3909c391195178ccf5a92d4ac342a30ae247c8,.,org.java_websocket.issues.Issue256Test#runReconnectScenario8,4.735595733
103,TooTallNate_Java-WebSocket,fa3909c391195178ccf5a92d4ac342a30ae247c8,.,org.java_websocket.issues.Issue256Test#runReconnectScenario9,4.648542430
104,TooTallNate_Java-WebSocket,fa3909c391195178ccf5a92d4ac342a30ae247c8,.,org.java_websocket.issues.Issue713Test#testIssue,6.264100545
125,square_okhttp,129c937fb33328e1f4ee8815a94e89676f242c2c,okhttp-tests,com.squareup.okhttp.internal.spdy.SpdyConnectionTest#readSendsWindowUpdate,5.903691561
126,square_okhttp,129c937fb33328e1f4ee8815a94e89676f242c2c,okhttp-tests,com.squareup.okhttp.internal.spdy.SpdyConnectionTest#pushPromiseStream,5.859423517
130,square_okhttp,129c937fb33328e1f4ee8815a94e89676f242c2c,okhttp-tests,com.squareup.okhttp.internal.spdy.SpdyConnectionTest#readSendsWindowUpdateHttp2,5.923175704
132,square_okhttp,129c937fb33328e1f4ee8815a94e89676f242c2c,okhttp-tests,com.squareup.okhttp.internal.http.URLConnectionTest#postFailsWithFixedLengthRequestForLargeRequest,8.944704570
133,square_okhttp,129c937fb33328e1f4ee8815a94e89676f242c2c,okhttp-tests,com.squareup.okhttp.internal.http.URLConnectionTest#postFailsWithChunkedRequestForSmallRequest,8.913342056
134,square_okhttp,129c937fb33328e1f4ee8815a94e89676f242c2c,okhttp-tests,com.squareup.okhttp.internal.http.URLConnectionTest#serverShutdownOutput,8.798527448
135,square_okhttp,129c937fb33328e1f4ee8815a94e89676f242c2c,okhttp-tests,com.squareup.okhttp.internal.http.URLConnectionTest#postFailsWithFixedLengthRequestForSmallRequest,9.116728764
136,square_okhttp,129c937fb33328e1f4ee8815a94e89676f242c2c,okhttp-tests,com.squareup.okhttp.internal.http.URLConnectionTest#postFailsWithChunkedRequestForLargeRequest,8.969098622
141,apache_dubbo,737f7a7ea67832d7f17517326fb2491d0a086dd7,dubbo-config/dubbo-config-api,org.apache.dubbo.config.GenericServiceTest#testGenericImplementationWithBeanSerialization,11.061428929
143,apache_dubbo,737f7a7ea67832d7f17517326fb2491d0a086dd7,dubbo-config/dubbo-config-api,org.apache.dubbo.config.GenericServiceTest#testGenericSerializationJava,10.378093326
144,apache_dubbo,737f7a7ea67832d7f17517326fb2491d0a086dd7,dubbo-config/dubbo-config-api,org.apache.dubbo.config.GenericServiceTest#testGenericServiceException,11.068745903
46,apache_dubbo,737f7a7ea67832d7f17517326fb2491d0a086dd7,dubbo-rpc/dubbo-rpc-dubbo,org.apache.dubbo.rpc.protocol.dubbo.DubboProtocolTest#testPerm,9.483696582
153,apache_httpcore,49247d208bde47f652812493e1d3576e136b8eb8,httpcore,org.apache.http.pool.TestConnPool#testStatefulConnectionRedistributionOnPerRouteMaxLimit,4.726991870
163,davidmoten_rxjava2-extras,d0315b6ecb0d24437ec0d440b6d768e89247d56c,.,com.github.davidmoten.rx2.internal.flowable.FlowableServerSocketTest#testLoad,5.351450660
164,flaxsearch_luwak,c27ec08c803db6ca6be1b6e8017f45667e603161,luwak,uk.co.flax.luwak.matchers.TestParallelMatcher#testParallelSlowLog,5.144774407
173,undertow-io_undertow,ac7204ab8cabb197a1327e5bbdb6e0e2ed1917f1,core,io.undertow.server.handlers.proxy.LoadBalancingProxyTestCase#testLoadSharedWithServerShutdown,8.614963704
174,undertow-io_undertow,ac7204ab8cabb197a1327e5bbdb6e0e2ed1917f1,core,io.undertow.server.security.DigestAuthentication2069TestCase#testDigestSuccess,7.973843169
179,vmware_admiral,e4b02936cc7d4ff2714e7231db0c4373ba5d48a2,adapter/registry,com.vmware.admiral.adapter.registry.service.RegistryAdapterServiceTest#testV1Ping,7.598901288
180,vmware_admiral,e4b02936cc7d4ff2714e7231db0c4373ba5d48a2,compute,com.vmware.admiral.compute.cluster.ClusterServiceTest#testPatchSingleHostClusterWithPublicAddress,16.195515287
621,spring-projects_spring-boot,cf24af0bfbfdd778bfb076947ea6f012a88f372d,spring-boot-cli,org.springframework.boot.cli.SampleIntegrationTests#uiSample,3.267410331
810,zxing_zxing,59ea393a08e568d0c662707bccf56895acfb02cf,core,com.google.zxing.aztec.encoder.EncoderTest#testAztecWriter,6.306358486
811,zxing_zxing,59ea393a08e568d0c662707bccf56895acfb02cf,core,com.google.zxing.pdf417.decoder.ec.ErrorCorrectionTestCase#testTooManyErrors,4.988697083
1002,TooTallNate_Java-WebSocket,fa3909c391195178ccf5a92d4ac342a30ae247c8,.,org.java_websocket.issues.Issue580Test#runNoCloseBlockingTestScenario0,6.476588584
1007,Alluxio_alluxio,78c063ae181279d81cbc0808a684864a8c8b311c,.,tachyon.WorkerServiceHandlerTest#evictionTest,13.279108685
1086,jknack_handlebars.java,db77ef2b6fd2bac7498b4124b95c47f753cf3a2f,handlebars-humanize,com.github.jknack.handlebars.HumanizeHelperTest#naturalTime,5.828471686
id,slug,sha,module_org,testName,qwen
11,TooTallNate_Java-WebSocket,fa3909c391195178ccf5a92d4ac342a30ae247c8,.,org.java_websocket.issues.Issue580Test#runNoCloseBlockingTestScenario2,19.172579629
8,Alluxio_alluxio,78c063ae181279d81cbc0808a684864a8c8b311c,.,tachyon.client.TachyonFileTest#isInMemoryTest2,56.641744155
11,TooTallNate_Java-WebSocket,fa3909c391195178ccf5a92d4ac342a30ae247c8,.,org.java_websocket.issues.Issue580Test#runNoCloseBlockingTestScenario2,19.456586354
13,TooTallNate_Java-WebSocket,fa3909c391195178ccf5a92d4ac342a30ae247c8,.,org.java_websocket.issues.Issue580Test#runNoCloseBlockingTestScenario4,19.103224870
14,TooTallNate_Java-WebSocket,fa3909c391195178ccf5a92d4ac342a30ae247c8,.,org.java_websocket.issues.Issue580Test#runNoCloseBlockingTestScenario5,19.252409707
15,TooTallNate_Java-WebSocket,fa3909c391195178ccf5a92d4ac342a30ae247c8,.,org.java_websocket.issues.Issue580Test#runNoCloseBlockingTestScenario8,19.223580350
16,TooTallNate_Java-WebSocket,fa3909c391195178ccf5a92d4ac342a30ae247c8,.,org.java_websocket.issues.Issue677Test#testIssue,19.808180312
21,apache_dubbo,737f7a7ea67832d7f17517326fb2491d0a086dd7,dubbo-rpc/dubbo-rpc-dubbo,org.apache.dubbo.rpc.protocol.dubbo.DubboProtocolTest#testNonSerializedParameter,19.755058923
22,apache_httpcore,49247d208bde47f652812493e1d3576e136b8eb8,httpcore,org.apache.http.pool.TestConnPool#testLeaseTimeout,9.004318863
27,doanduyhai_Achilles,e3099bdce342910951c4862c78751fd81ed4552e,integration-test-2_1,info.archinnov.achilles.it.TestDSLSimpleEntity#should_dsl_select_with_token_value,10.319168267
28,doanduyhai_Achilles,e3099bdce342910951c4862c78751fd81ed4552e,integration-test-2_1,info.archinnov.achilles.it.TestEntityWithComplexIndices#should_query_using_collection_index,10.225561572
29,doanduyhai_Achilles,e3099bdce342910951c4862c78751fd81ed4552e,integration-test-2_1,info.archinnov.achilles.it.TestEntityWithComplexIndices#should_query_using_full_collection_index,10.140223557
30,doanduyhai_Achilles,e3099bdce342910951c4862c78751fd81ed4552e,integration-test-2_1,info.archinnov.achilles.it.TestEntityWithComplexIndices#should_query_using_index_and_clustering_column,10.205656212
31,doanduyhai_Achilles,e3099bdce342910951c4862c78751fd81ed4552e,integration-test-2_1,info.archinnov.achilles.it.TestEntityWithComplexIndices#should_query_using_index_and_clustering_column_slice,10.120128386
36,doanduyhai_Achilles,e3099bdce342910951c4862c78751fd81ed4552e,integration-test-2_1,info.archinnov.achilles.it.TestEntityWithComplexIndices#should_query_using_simple_index,10.301301472
39,doanduyhai_Achilles,e3099bdce342910951c4862c78751fd81ed4552e,integration-test-2_2,info.archinnov.achilles.it.TestEntityWithIndicesForJSON#should_query_using_full_collection_index_fromJSON,10.091384358
40,doanduyhai_Achilles,e3099bdce342910951c4862c78751fd81ed4552e,integration-test-2_2,info.archinnov.achilles.it.TestEntityWithIndicesForJSON#should_query_using_index_and_clustering_column_fromJSON,10.233427780
41,doanduyhai_Achilles,e3099bdce342910951c4862c78751fd81ed4552e,integration-test-2_2,info.archinnov.achilles.it.TestEntityWithIndicesForJSON#should_query_using_map_key_entry_fromJSON,11.405113604
42,doanduyhai_Achilles,e3099bdce342910951c4862c78751fd81ed4552e,integration-test-2_2,info.archinnov.achilles.it.TestEntityWithIndicesForJSON#should_query_using_map_key_index_fromJSON,10.049334924
43,doanduyhai_Achilles,e3099bdce342910951c4862c78751fd81ed4552e,integration-test-2_2,info.archinnov.achilles.it.TestEntityWithIndicesForJSON#should_query_using_map_key_value_fromJSON,10.082782227
44,doanduyhai_Achilles,e3099bdce342910951c4862c78751fd81ed4552e,integration-test-2_2,info.archinnov.achilles.it.TestEntityWithIndicesForJSON#should_query_using_simple_index_fromJSON,10.078000553
45,doanduyhai_Achilles,e3099bdce342910951c4862c78751fd81ed4552e,integration-test-3_10,info.archinnov.achilles.it.TestEntityForGroupByIT#should_select_sum_group_by_partition_keys,10.194137474
46,doanduyhai_Achilles,e3099bdce342910951c4862c78751fd81ed4552e,integration-test-3_10,info.archinnov.achilles.it.TestEntityForGroupByIT#should_select_sum_group_by_partition_keys_and_one_clustering,10.226550550
48,doanduyhai_Achilles,e3099bdce342910951c4862c78751fd81ed4552e,integration-test-3_7,info.archinnov.achilles.it.TestEntityWithSASIIndices#should_search_using_end_with,10.271704962
50,doanduyhai_Achilles,e3099bdce342910951c4862c78751fd81ed4552e,integration-test-3_7,info.archinnov.achilles.it.TestEntityWithSASIIndices#should_search_using_like,10.232908980
56,feroult_yawp,b3bcf9c958d51b3b3f8fdd0ccc26923d5a531da1,yawp-testing/yawp-testing-appengine,io.yawp.testing.appengine.pipes.flow.FlowDropsTest#testFlowDropsToSameSink,29.510623338
57,flaxsearch_luwak,c27ec08c803db6ca6be1b6e8017f45667e603161,luwak,uk.co.flax.luwak.matchers.TestPartitionMatcher#testParallelSlowLog,10.285296998
59,javadelight_delight-nashorn-sandbox,da35edc0a75424bad8cbf60959fae253202154c4,.,delight.nashornsandbox.TestGetFunction#test,9.284593581
60,kagkarlsson_db-scheduler,4a8a28e60640dcd03e8d3bf212f483d35b0b6310,.,com.github.kagkarlsson.scheduler.compatibility.HsqlCompatibilityTest#test_compatibility,13.311646086
62,qos-ch_logback,0f57531977287fd3d8c9046e9f68e281715f3b10,logback-classic,ch.qos.logback.classic.net.SMTPAppender_GreenTest#testCustomBufferSize,36.642706774
63,qos-ch_logback,0f57531977287fd3d8c9046e9f68e281715f3b10,logback-classic,ch.qos.logback.classic.net.SMTPAppender_GreenTest#testCustomEvaluator,36.291308155
64,qos-ch_logback,0f57531977287fd3d8c9046e9f68e281715f3b10,logback-core,ch.qos.logback.core.FileAppenderResilienceTest#smoke,10.859937580
65,square_okhttp,129c937fb33328e1f4ee8815a94e89676f242c2c,okhttp-tests,com.squareup.okhttp.internal.spdy.SpdyConnectionTest#receiveGoAway,17.089954876
83,apache_incubator-dubbo,737f7a7e,dubbo-cluster,org.apache.dubbo.rpc.cluster.support.AbstractClusterInvokerTest#testSelect_multiInvokers,15.024334472
84,TooTallNate_Java-WebSocket,fa3909c391195178ccf5a92d4ac342a30ae247c8,.,org.java_websocket.issues.Issue256Test#runReconnectBlockingScenario0,8.986534558
85,TooTallNate_Java-WebSocket,fa3909c391195178ccf5a92d4ac342a30ae247c8,.,org.java_websocket.issues.Issue256Test#runReconnectBlockingScenario1,8.950735473
86,TooTallNate_Java-WebSocket,fa3909c391195178ccf5a92d4ac342a30ae247c8,.,org.java_websocket.issues.Issue256Test#runReconnectBlockingScenario2,8.881007420
87,TooTallNate_Java-WebSocket,fa3909c391195178ccf5a92d4ac342a30ae247c8,.,org.java_websocket.issues.Issue256Test#runReconnectBlockingScenario3,8.930221908
88,TooTallNate_Java-WebSocket,fa3909c391195178ccf5a92d4ac342a30ae247c8,.,org.java_websocket.issues.Issue256Test#runReconnectBlockingScenario4,9.115554189
89,TooTallNate_Java-WebSocket,fa3909c391195178ccf5a92d4ac342a30ae247c8,.,org.java_websocket.issues.Issue256Test#runReconnectBlockingScenario5,9.095028125
90,TooTallNate_Java-WebSocket,fa3909c391195178ccf5a92d4ac342a30ae247c8,.,org.java_websocket.issues.Issue256Test#runReconnectBlockingScenario6,9.053849969
91,TooTallNate_Java-WebSocket,fa3909c391195178ccf5a92d4ac342a30ae247c8,.,org.java_websocket.issues.Issue256Test#runReconnectBlockingScenario7,9.069592330
92,TooTallNate_Java-WebSocket,fa3909c391195178ccf5a92d4ac342a30ae247c8,.,org.java_websocket.issues.Issue256Test#runReconnectBlockingScenario8,8.868335118
93,TooTallNate_Java-WebSocket,fa3909c391195178ccf5a92d4ac342a30ae247c8,.,org.java_websocket.issues.Issue256Test#runReconnectBlockingScenario9,9.066181476
94,TooTallNate_Java-WebSocket,fa3909c391195178ccf5a92d4ac342a30ae247c8,.,org.java_websocket.issues.Issue256Test#runReconnectScenario0,9.033235607
95,TooTallNate_Java-WebSocket,fa3909c391195178ccf5a92d4ac342a30ae247c8,.,org.java_websocket.issues.Issue256Test#runReconnectScenario1,9.062241429
96,TooTallNate_Java-WebSocket,fa3909c391195178ccf5a92d4ac342a30ae247c8,.,org.java_websocket.issues.Issue256Test#runReconnectScenario2,8.995176302
97,TooTallNate_Java-WebSocket,fa3909c391195178ccf5a92d4ac342a30ae247c8,.,org.java_websocket.issues.Issue256Test#runReconnectScenario3,8.976768023
98,TooTallNate_Java-WebSocket,fa3909c391195178ccf5a92d4ac342a30ae247c8,.,org.java_websocket.issues.Issue256Test#runReconnectScenario4,8.883763341
99,TooTallNate_Java-WebSocket,fa3909c391195178ccf5a92d4ac342a30ae247c8,.,org.java_websocket.issues.Issue256Test#runReconnectScenario5,8.889136704
100,TooTallNate_Java-WebSocket,fa3909c391195178ccf5a92d4ac342a30ae247c8,.,org.java_websocket.issues.Issue256Test#runReconnectScenario6,8.885096904
101,TooTallNate_Java-WebSocket,fa3909c391195178ccf5a92d4ac342a30ae247c8,.,org.java_websocket.issues.Issue256Test#runReconnectScenario7,8.621777401
102,TooTallNate_Java-WebSocket,fa3909c391195178ccf5a92d4ac342a30ae247c8,.,org.java_websocket.issues.Issue256Test#runReconnectScenario8,9.575662387
103,TooTallNate_Java-WebSocket,fa3909c391195178ccf5a92d4ac342a30ae247c8,.,org.java_websocket.issues.Issue256Test#runReconnectScenario9,9.667498439
104,TooTallNate_Java-WebSocket,fa3909c391195178ccf5a92d4ac342a30ae247c8,.,org.java_websocket.issues.Issue713Test#testIssue,18.721607052
125,square_okhttp,129c937fb33328e1f4ee8815a94e89676f242c2c,okhttp-tests,com.squareup.okhttp.internal.spdy.SpdyConnectionTest#readSendsWindowUpdate,15.918989282
126,square_okhttp,129c937fb33328e1f4ee8815a94e89676f242c2c,okhttp-tests,com.squareup.okhttp.internal.spdy.SpdyConnectionTest#pushPromiseStream,15.564131483
130,square_okhttp,129c937fb33328e1f4ee8815a94e89676f242c2c,okhttp-tests,com.squareup.okhttp.internal.spdy.SpdyConnectionTest#readSendsWindowUpdateHttp2,15.734912056
132,square_okhttp,129c937fb33328e1f4ee8815a94e89676f242c2c,okhttp-tests,com.squareup.okhttp.internal.http.URLConnectionTest#postFailsWithFixedLengthRequestForLargeRequest,36.443961625
133,square_okhttp,129c937fb33328e1f4ee8815a94e89676f242c2c,okhttp-tests,com.squareup.okhttp.internal.http.URLConnectionTest#postFailsWithChunkedRequestForSmallRequest,36.885544699
134,square_okhttp,129c937fb33328e1f4ee8815a94e89676f242c2c,okhttp-tests,com.squareup.okhttp.internal.http.URLConnectionTest#serverShutdownOutput,35.066810195
135,square_okhttp,129c937fb33328e1f4ee8815a94e89676f242c2c,okhttp-tests,com.squareup.okhttp.internal.http.URLConnectionTest#postFailsWithFixedLengthRequestForSmallRequest,36.579028521
136,square_okhttp,129c937fb33328e1f4ee8815a94e89676f242c2c,okhttp-tests,com.squareup.okhttp.internal.http.URLConnectionTest#postFailsWithChunkedRequestForLargeRequest,36.594250000
141,apache_dubbo,737f7a7ea67832d7f17517326fb2491d0a086dd7,dubbo-config/dubbo-config-api,org.apache.dubbo.config.GenericServiceTest#testGenericImplementationWithBeanSerialization,41.657222367
143,apache_dubbo,737f7a7ea67832d7f17517326fb2491d0a086dd7,dubbo-config/dubbo-config-api,org.apache.dubbo.config.GenericServiceTest#testGenericSerializationJava,38.597829025
144,apache_dubbo,737f7a7ea67832d7f17517326fb2491d0a086dd7,dubbo-config/dubbo-config-api,org.apache.dubbo.config.GenericServiceTest#testGenericServiceException,40.872839141
46,apache_dubbo,737f7a7ea67832d7f17517326fb2491d0a086dd7,dubbo-rpc/dubbo-rpc-dubbo,org.apache.dubbo.rpc.protocol.dubbo.DubboProtocolTest#testPerm,33.269792618
153,apache_httpcore,49247d208bde47f652812493e1d3576e136b8eb8,httpcore,org.apache.http.pool.TestConnPool#testStatefulConnectionRedistributionOnPerRouteMaxLimit,8.978178590
163,davidmoten_rxjava2-extras,d0315b6ecb0d24437ec0d440b6d768e89247d56c,.,com.github.davidmoten.rx2.internal.flowable.FlowableServerSocketTest#testLoad,11.967233627
164,flaxsearch_luwak,c27ec08c803db6ca6be1b6e8017f45667e603161,luwak,uk.co.flax.luwak.matchers.TestParallelMatcher#testParallelSlowLog,12.056609616
173,undertow-io_undertow,ac7204ab8cabb197a1327e5bbdb6e0e2ed1917f1,core,io.undertow.server.handlers.proxy.LoadBalancingProxyTestCase#testLoadSharedWithServerShutdown,27.711417602
174,undertow-io_undertow,ac7204ab8cabb197a1327e5bbdb6e0e2ed1917f1,core,io.undertow.server.security.DigestAuthentication2069TestCase#testDigestSuccess,25.889765029
179,vmware_admiral,e4b02936cc7d4ff2714e7231db0c4373ba5d48a2,adapter/registry,com.vmware.admiral.adapter.registry.service.RegistryAdapterServiceTest#testV1Ping,21.629437435
180,vmware_admiral,e4b02936cc7d4ff2714e7231db0c4373ba5d48a2,compute,com.vmware.admiral.compute.cluster.ClusterServiceTest#testPatchSingleHostClusterWithPublicAddress,54.182104045
621,spring-projects_spring-boot,cf24af0bfbfdd778bfb076947ea6f012a88f372d,spring-boot-cli,org.springframework.boot.cli.SampleIntegrationTests#uiSample,3.259124163
810,zxing_zxing,59ea393a08e568d0c662707bccf56895acfb02cf,core,com.google.zxing.aztec.encoder.EncoderTest#testAztecWriter,17.788745273
811,zxing_zxing,59ea393a08e568d0c662707bccf56895acfb02cf,core,com.google.zxing.pdf417.decoder.ec.ErrorCorrectionTestCase#testTooManyErrors,10.769694418
1002,TooTallNate_Java-WebSocket,fa3909c391195178ccf5a92d4ac342a30ae247c8,.,org.java_websocket.issues.Issue580Test#runNoCloseBlockingTestScenario0,19.206723745
1007,Alluxio_alluxio,78c063ae181279d81cbc0808a684864a8c8b311c,.,tachyon.WorkerServiceHandlerTest#evictionTest,55.077814024
1086,jknack_handlebars.java,db77ef2b6fd2bac7498b4124b95c47f753cf3a2f,handlebars-humanize,com.github.jknack.handlebars.HumanizeHelperTest#naturalTime,16.115468084
id,slug,sha,module_org,testName,llama
11,TooTallNate_Java-WebSocket,fa3909c391195178ccf5a92d4ac342a30ae247c8,.,org.java_websocket.issues.Issue580Test#runNoCloseBlockingTestScenario2,4.871496848
8,Alluxio_alluxio,78c063ae181279d81cbc0808a684864a8c8b311c,.,tachyon.client.TachyonFileTest#isInMemoryTest2,3.235689812
11,TooTallNate_Java-WebSocket,fa3909c391195178ccf5a92d4ac342a30ae247c8,.,org.java_websocket.issues.Issue580Test#runNoCloseBlockingTestScenario2,3.237052937
13,TooTallNate_Java-WebSocket,fa3909c391195178ccf5a92d4ac342a30ae247c8,.,org.java_websocket.issues.Issue580Test#runNoCloseBlockingTestScenario4,3.233811755
14,TooTallNate_Java-WebSocket,fa3909c391195178ccf5a92d4ac342a30ae247c8,.,org.java_websocket.issues.Issue580Test#runNoCloseBlockingTestScenario5,3.243891979
15,TooTallNate_Java-WebSocket,fa3909c391195178ccf5a92d4ac342a30ae247c8,.,org.java_websocket.issues.Issue580Test#runNoCloseBlockingTestScenario8,3.237581063
16,TooTallNate_Java-WebSocket,fa3909c391195178ccf5a92d4ac342a30ae247c8,.,org.java_websocket.issues.Issue677Test#testIssue,3.249456114
21,apache_dubbo,737f7a7ea67832d7f17517326fb2491d0a086dd7,dubbo-rpc/dubbo-rpc-dubbo,org.apache.dubbo.rpc.protocol.dubbo.DubboProtocolTest#testNonSerializedParameter,3.281740756
22,apache_httpcore,49247d208bde47f652812493e1d3576e136b8eb8,httpcore,org.apache.http.pool.TestConnPool#testLeaseTimeout,3.251501942
27,doanduyhai_Achilles,e3099bdce342910951c4862c78751fd81ed4552e,integration-test-2_1,info.archinnov.achilles.it.TestDSLSimpleEntity#should_dsl_select_with_token_value,3.241636662
28,doanduyhai_Achilles,e3099bdce342910951c4862c78751fd81ed4552e,integration-test-2_1,info.archinnov.achilles.it.TestEntityWithComplexIndices#should_query_using_collection_index,3.236099627
29,doanduyhai_Achilles,e3099bdce342910951c4862c78751fd81ed4552e,integration-test-2_1,info.archinnov.achilles.it.TestEntityWithComplexIndices#should_query_using_full_collection_index,3.236719482
30,doanduyhai_Achilles,e3099bdce342910951c4862c78751fd81ed4552e,integration-test-2_1,info.archinnov.achilles.it.TestEntityWithComplexIndices#should_query_using_index_and_clustering_column,3.250983423
31,doanduyhai_Achilles,e3099bdce342910951c4862c78751fd81ed4552e,integration-test-2_1,info.archinnov.achilles.it.TestEntityWithComplexIndices#should_query_using_index_and_clustering_column_slice,3.248885265
36,doanduyhai_Achilles,e3099bdce342910951c4862c78751fd81ed4552e,integration-test-2_1,info.archinnov.achilles.it.TestEntityWithComplexIndices#should_query_using_simple_index,3.255600998
39,doanduyhai_Achilles,e3099bdce342910951c4862c78751fd81ed4552e,integration-test-2_2,info.archinnov.achilles.it.TestEntityWithIndicesForJSON#should_query_using_full_collection_index_fromJSON,3.238916789
40,doanduyhai_Achilles,e3099bdce342910951c4862c78751fd81ed4552e,integration-test-2_2,info.archinnov.achilles.it.TestEntityWithIndicesForJSON#should_query_using_index_and_clustering_column_fromJSON,3.230013940
41,doanduyhai_Achilles,e3099bdce342910951c4862c78751fd81ed4552e,integration-test-2_2,info.archinnov.achilles.it.TestEntityWithIndicesForJSON#should_query_using_map_key_entry_fromJSON,3.223253983
42,doanduyhai_Achilles,e3099bdce342910951c4862c78751fd81ed4552e,integration-test-2_2,info.archinnov.achilles.it.TestEntityWithIndicesForJSON#should_query_using_map_key_index_fromJSON,3.259143428
43,doanduyhai_Achilles,e3099bdce342910951c4862c78751fd81ed4552e,integration-test-2_2,info.archinnov.achilles.it.TestEntityWithIndicesForJSON#should_query_using_map_key_value_fromJSON,3.259561524
44,doanduyhai_Achilles,e3099bdce342910951c4862c78751fd81ed4552e,integration-test-2_2,info.archinnov.achilles.it.TestEntityWithIndicesForJSON#should_query_using_simple_index_fromJSON,3.240593616
45,doanduyhai_Achilles,e3099bdce342910951c4862c78751fd81ed4552e,integration-test-3_10,info.archinnov.achilles.it.TestEntityForGroupByIT#should_select_sum_group_by_partition_keys,3.250400510
46,doanduyhai_Achilles,e3099bdce342910951c4862c78751fd81ed4552e,integration-test-3_10,info.archinnov.achilles.it.TestEntityForGroupByIT#should_select_sum_group_by_partition_keys_and_one_clustering,3.284595361
48,doanduyhai_Achilles,e3099bdce342910951c4862c78751fd81ed4552e,integration-test-3_7,info.archinnov.achilles.it.TestEntityWithSASIIndices#should_search_using_end_with,3.236896185
50,doanduyhai_Achilles,e3099bdce342910951c4862c78751fd81ed4552e,integration-test-3_7,info.archinnov.achilles.it.TestEntityWithSASIIndices#should_search_using_like,3.235074477
56,feroult_yawp,b3bcf9c958d51b3b3f8fdd0ccc26923d5a531da1,yawp-testing/yawp-testing-appengine,io.yawp.testing.appengine.pipes.flow.FlowDropsTest#testFlowDropsToSameSink,3.276288116
57,flaxsearch_luwak,c27ec08c803db6ca6be1b6e8017f45667e603161,luwak,uk.co.flax.luwak.matchers.TestPartitionMatcher#testParallelSlowLog,3.247634950
59,javadelight_delight-nashorn-sandbox,da35edc0a75424bad8cbf60959fae253202154c4,.,delight.nashornsandbox.TestGetFunction#test,3.228306838
60,kagkarlsson_db-scheduler,4a8a28e60640dcd03e8d3bf212f483d35b0b6310,.,com.github.kagkarlsson.scheduler.compatibility.HsqlCompatibilityTest#test_compatibility,3.232047491
62,qos-ch_logback,0f57531977287fd3d8c9046e9f68e281715f3b10,logback-classic,ch.qos.logback.classic.net.SMTPAppender_GreenTest#testCustomBufferSize,3.230482688
63,qos-ch_logback,0f57531977287fd3d8c9046e9f68e281715f3b10,logback-classic,ch.qos.logback.classic.net.SMTPAppender_GreenTest#testCustomEvaluator,3.235121755
64,qos-ch_logback,0f57531977287fd3d8c9046e9f68e281715f3b10,logback-core,ch.qos.logback.core.FileAppenderResilienceTest#smoke,3.256722568
65,square_okhttp,129c937fb33328e1f4ee8815a94e89676f242c2c,okhttp-tests,com.squareup.okhttp.internal.spdy.SpdyConnectionTest#receiveGoAway,3.249470430
83,apache_incubator-dubbo,737f7a7e,dubbo-cluster,org.apache.dubbo.rpc.cluster.support.AbstractClusterInvokerTest#testSelect_multiInvokers,3.236530253
84,TooTallNate_Java-WebSocket,fa3909c391195178ccf5a92d4ac342a30ae247c8,.,org.java_websocket.issues.Issue256Test#runReconnectBlockingScenario0,3.243225674
85,TooTallNate_Java-WebSocket,fa3909c391195178ccf5a92d4ac342a30ae247c8,.,org.java_websocket.issues.Issue256Test#runReconnectBlockingScenario1,3.227062381
86,TooTallNate_Java-WebSocket,fa3909c391195178ccf5a92d4ac342a30ae247c8,.,org.java_websocket.issues.Issue256Test#runReconnectBlockingScenario2,3.218374082
87,TooTallNate_Java-WebSocket,fa3909c391195178ccf5a92d4ac342a30ae247c8,.,org.java_websocket.issues.Issue256Test#runReconnectBlockingScenario3,3.236990249
88,TooTallNate_Java-WebSocket,fa3909c391195178ccf5a92d4ac342a30ae247c8,.,org.java_websocket.issues.Issue256Test#runReconnectBlockingScenario4,3.239233305
89,TooTallNate_Java-WebSocket,fa3909c391195178ccf5a92d4ac342a30ae247c8,.,org.java_websocket.issues.Issue256Test#runReconnectBlockingScenario5,3.244137917
90,TooTallNate_Java-WebSocket,fa3909c391195178ccf5a92d4ac342a30ae247c8,.,org.java_websocket.issues.Issue256Test#runReconnectBlockingScenario6,3.238125100
91,TooTallNate_Java-WebSocket,fa3909c391195178ccf5a92d4ac342a30ae247c8,.,org.java_websocket.issues.Issue256Test#runReconnectBlockingScenario7,3.244953539
92,TooTallNate_Java-WebSocket,fa3909c391195178ccf5a92d4ac342a30ae247c8,.,org.java_websocket.issues.Issue256Test#runReconnectBlockingScenario8,3.255190936
93,TooTallNate_Java-WebSocket,fa3909c391195178ccf5a92d4ac342a30ae247c8,.,org.java_websocket.issues.Issue256Test#runReconnectBlockingScenario9,3.233806720
94,TooTallNate_Java-WebSocket,fa3909c391195178ccf5a92d4ac342a30ae247c8,.,org.java_websocket.issues.Issue256Test#runReconnectScenario0,3.241420251
95,TooTallNate_Java-WebSocket,fa3909c391195178ccf5a92d4ac342a30ae247c8,.,org.java_websocket.issues.Issue256Test#runReconnectScenario1,3.254603379
96,TooTallNate_Java-WebSocket,fa3909c391195178ccf5a92d4ac342a30ae247c8,.,org.java_websocket.issues.Issue256Test#runReconnectScenario2,3.239035434
97,TooTallNate_Java-WebSocket,fa3909c391195178ccf5a92d4ac342a30ae247c8,.,org.java_websocket.issues.Issue256Test#runReconnectScenario3,3.243476062
98,TooTallNate_Java-WebSocket,fa3909c391195178ccf5a92d4ac342a30ae247c8,.,org.java_websocket.issues.Issue256Test#runReconnectScenario4,3.227724234
99,TooTallNate_Java-WebSocket,fa3909c391195178ccf5a92d4ac342a30ae247c8,.,org.java_websocket.issues.Issue256Test#runReconnectScenario5,3.224997681
100,TooTallNate_Java-WebSocket,fa3909c391195178ccf5a92d4ac342a30ae247c8,.,org.java_websocket.issues.Issue256Test#runReconnectScenario6,3.252733838
101,TooTallNate_Java-WebSocket,fa3909c391195178ccf5a92d4ac342a30ae247c8,.,org.java_websocket.issues.Issue256Test#runReconnectScenario7,3.242430753
102,TooTallNate_Java-WebSocket,fa3909c391195178ccf5a92d4ac342a30ae247c8,.,org.java_websocket.issues.Issue256Test#runReconnectScenario8,3.263222940
103,TooTallNate_Java-WebSocket,fa3909c391195178ccf5a92d4ac342a30ae247c8,.,org.java_websocket.issues.Issue256Test#runReconnectScenario9,3.226329996
104,TooTallNate_Java-WebSocket,fa3909c391195178ccf5a92d4ac342a30ae247c8,.,org.java_websocket.issues.Issue713Test#testIssue,3.246526638
125,square_okhttp,129c937fb33328e1f4ee8815a94e89676f242c2c,okhttp-tests,com.squareup.okhttp.internal.spdy.SpdyConnectionTest#readSendsWindowUpdate,3.262314345
126,square_okhttp,129c937fb33328e1f4ee8815a94e89676f242c2c,okhttp-tests,com.squareup.okhttp.internal.spdy.SpdyConnectionTest#pushPromiseStream,3.231618775
130,square_okhttp,129c937fb33328e1f4ee8815a94e89676f242c2c,okhttp-tests,com.squareup.okhttp.internal.spdy.SpdyConnectionTest#readSendsWindowUpdateHttp2,3.251832076
132,square_okhttp,129c937fb33328e1f4ee8815a94e89676f242c2c,okhttp-tests,com.squareup.okhttp.internal.http.URLConnectionTest#postFailsWithFixedLengthRequestForLargeRequest,3.235963649
133,square_okhttp,129c937fb33328e1f4ee8815a94e89676f242c2c,okhttp-tests,com.squareup.okhttp.internal.http.URLConnectionTest#postFailsWithChunkedRequestForSmallRequest,3.245201982
134,square_okhttp,129c937fb33328e1f4ee8815a94e89676f242c2c,okhttp-tests,com.squareup.okhttp.internal.http.URLConnectionTest#serverShutdownOutput,3.230456693
135,square_okhttp,129c937fb33328e1f4ee8815a94e89676f242c2c,okhttp-tests,com.squareup.okhttp.internal.http.URLConnectionTest#postFailsWithFixedLengthRequestForSmallRequest,3.245246049
136,square_okhttp,129c937fb33328e1f4ee8815a94e89676f242c2c,okhttp-tests,com.squareup.okhttp.internal.http.URLConnectionTest#postFailsWithChunkedRequestForLargeRequest,3.226793674
141,apache_dubbo,737f7a7ea67832d7f17517326fb2491d0a086dd7,dubbo-config/dubbo-config-api,org.apache.dubbo.config.GenericServiceTest#testGenericImplementationWithBeanSerialization,3.237864820
143,apache_dubbo,737f7a7ea67832d7f17517326fb2491d0a086dd7,dubbo-config/dubbo-config-api,org.apache.dubbo.config.GenericServiceTest#testGenericSerializationJava,3.253560416
144,apache_dubbo,737f7a7ea67832d7f17517326fb2491d0a086dd7,dubbo-config/dubbo-config-api,org.apache.dubbo.config.GenericServiceTest#testGenericServiceException,3.223750372
46,apache_dubbo,737f7a7ea67832d7f17517326fb2491d0a086dd7,dubbo-rpc/dubbo-rpc-dubbo,org.apache.dubbo.rpc.protocol.dubbo.DubboProtocolTest#testPerm,3.240832601
153,apache_httpcore,49247d208bde47f652812493e1d3576e136b8eb8,httpcore,org.apache.http.pool.TestConnPool#testStatefulConnectionRedistributionOnPerRouteMaxLimit,3.415532432
163,davidmoten_rxjava2-extras,d0315b6ecb0d24437ec0d440b6d768e89247d56c,.,com.github.davidmoten.rx2.internal.flowable.FlowableServerSocketTest#testLoad,3.279238511
164,flaxsearch_luwak,c27ec08c803db6ca6be1b6e8017f45667e603161,luwak,uk.co.flax.luwak.matchers.TestParallelMatcher#testParallelSlowLog,3.373132857
173,undertow-io_undertow,ac7204ab8cabb197a1327e5bbdb6e0e2ed1917f1,core,io.undertow.server.handlers.proxy.LoadBalancingProxyTestCase#testLoadSharedWithServerShutdown,3.253418918
174,undertow-io_undertow,ac7204ab8cabb197a1327e5bbdb6e0e2ed1917f1,core,io.undertow.server.security.DigestAuthentication2069TestCase#testDigestSuccess,3.251499837
179,vmware_admiral,e4b02936cc7d4ff2714e7231db0c4373ba5d48a2,adapter/registry,com.vmware.admiral.adapter.registry.service.RegistryAdapterServiceTest#testV1Ping,3.232982076
180,vmware_admiral,e4b02936cc7d4ff2714e7231db0c4373ba5d48a2,compute,com.vmware.admiral.compute.cluster.ClusterServiceTest#testPatchSingleHostClusterWithPublicAddress,3.217493708
621,spring-projects_spring-boot,cf24af0bfbfdd778bfb076947ea6f012a88f372d,spring-boot-cli,org.springframework.boot.cli.SampleIntegrationTests#uiSample,3.240504427
810,zxing_zxing,59ea393a08e568d0c662707bccf56895acfb02cf,core,com.google.zxing.aztec.encoder.EncoderTest#testAztecWriter,3.244769781
811,zxing_zxing,59ea393a08e568d0c662707bccf56895acfb02cf,core,com.google.zxing.pdf417.decoder.ec.ErrorCorrectionTestCase#testTooManyErrors,3.248914316
1002,TooTallNate_Java-WebSocket,fa3909c391195178ccf5a92d4ac342a30ae247c8,.,org.java_websocket.issues.Issue580Test#runNoCloseBlockingTestScenario0,3.249495227
1007,Alluxio_alluxio,78c063ae181279d81cbc0808a684864a8c8b311c,.,tachyon.WorkerServiceHandlerTest#evictionTest,3.224620502
1086,jknack_handlebars.java,db77ef2b6fd2bac7498b4124b95c47f753cf3a2f,handlebars-humanize,com.github.jknack.handlebars.HumanizeHelperTest#naturalTime,3.262295782
id,slug,sha,module_org,testName,llama
11,TooTallNate_Java-WebSocket,fa3909c391195178ccf5a92d4ac342a30ae247c8,.,org.java_websocket.issues.Issue580Test#runNoCloseBlockingTestScenario2,31.969422470
8,Alluxio_alluxio,78c063ae181279d81cbc0808a684864a8c8b311c,.,tachyon.client.TachyonFileTest#isInMemoryTest2,92.266931751
11,TooTallNate_Java-WebSocket,fa3909c391195178ccf5a92d4ac342a30ae247c8,.,org.java_websocket.issues.Issue580Test#runNoCloseBlockingTestScenario2,28.534875969
13,TooTallNate_Java-WebSocket,fa3909c391195178ccf5a92d4ac342a30ae247c8,.,org.java_websocket.issues.Issue580Test#runNoCloseBlockingTestScenario4,28.403310159
14,TooTallNate_Java-WebSocket,fa3909c391195178ccf5a92d4ac342a30ae247c8,.,org.java_websocket.issues.Issue580Test#runNoCloseBlockingTestScenario5,28.495310261
15,TooTallNate_Java-WebSocket,fa3909c391195178ccf5a92d4ac342a30ae247c8,.,org.java_websocket.issues.Issue580Test#runNoCloseBlockingTestScenario8,28.640932728
16,TooTallNate_Java-WebSocket,fa3909c391195178ccf5a92d4ac342a30ae247c8,.,org.java_websocket.issues.Issue677Test#testIssue,29.392191938
21,apache_dubbo,737f7a7ea67832d7f17517326fb2491d0a086dd7,dubbo-rpc/dubbo-rpc-dubbo,org.apache.dubbo.rpc.protocol.dubbo.DubboProtocolTest#testNonSerializedParameter,30.218135071
22,apache_httpcore,49247d208bde47f652812493e1d3576e136b8eb8,httpcore,org.apache.http.pool.TestConnPool#testLeaseTimeout,11.612194524
27,doanduyhai_Achilles,e3099bdce342910951c4862c78751fd81ed4552e,integration-test-2_1,info.archinnov.achilles.it.TestDSLSimpleEntity#should_dsl_select_with_token_value,13.109683602
28,doanduyhai_Achilles,e3099bdce342910951c4862c78751fd81ed4552e,integration-test-2_1,info.archinnov.achilles.it.TestEntityWithComplexIndices#should_query_using_collection_index,13.143354998
29,doanduyhai_Achilles,e3099bdce342910951c4862c78751fd81ed4552e,integration-test-2_1,info.archinnov.achilles.it.TestEntityWithComplexIndices#should_query_using_full_collection_index,12.975464206
30,doanduyhai_Achilles,e3099bdce342910951c4862c78751fd81ed4552e,integration-test-2_1,info.archinnov.achilles.it.TestEntityWithComplexIndices#should_query_using_index_and_clustering_column,13.133158154
31,doanduyhai_Achilles,e3099bdce342910951c4862c78751fd81ed4552e,integration-test-2_1,info.archinnov.achilles.it.TestEntityWithComplexIndices#should_query_using_index_and_clustering_column_slice,13.029618058
36,doanduyhai_Achilles,e3099bdce342910951c4862c78751fd81ed4552e,integration-test-2_1,info.archinnov.achilles.it.TestEntityWithComplexIndices#should_query_using_simple_index,13.206220316
39,doanduyhai_Achilles,e3099bdce342910951c4862c78751fd81ed4552e,integration-test-2_2,info.archinnov.achilles.it.TestEntityWithIndicesForJSON#should_query_using_full_collection_index_fromJSON,13.078820469
40,doanduyhai_Achilles,e3099bdce342910951c4862c78751fd81ed4552e,integration-test-2_2,info.archinnov.achilles.it.TestEntityWithIndicesForJSON#should_query_using_index_and_clustering_column_fromJSON,12.902967809
41,doanduyhai_Achilles,e3099bdce342910951c4862c78751fd81ed4552e,integration-test-2_2,info.archinnov.achilles.it.TestEntityWithIndicesForJSON#should_query_using_map_key_entry_fromJSON,12.909961787
42,doanduyhai_Achilles,e3099bdce342910951c4862c78751fd81ed4552e,integration-test-2_2,info.archinnov.achilles.it.TestEntityWithIndicesForJSON#should_query_using_map_key_index_fromJSON,12.912004825
43,doanduyhai_Achilles,e3099bdce342910951c4862c78751fd81ed4552e,integration-test-2_2,info.archinnov.achilles.it.TestEntityWithIndicesForJSON#should_query_using_map_key_value_fromJSON,12.993368464
44,doanduyhai_Achilles,e3099bdce342910951c4862c78751fd81ed4552e,integration-test-2_2,info.archinnov.achilles.it.TestEntityWithIndicesForJSON#should_query_using_simple_index_fromJSON,12.931405622
45,doanduyhai_Achilles,e3099bdce342910951c4862c78751fd81ed4552e,integration-test-3_10,info.archinnov.achilles.it.TestEntityForGroupByIT#should_select_sum_group_by_partition_keys,12.992020765
46,doanduyhai_Achilles,e3099bdce342910951c4862c78751fd81ed4552e,integration-test-3_10,info.archinnov.achilles.it.TestEntityForGroupByIT#should_select_sum_group_by_partition_keys_and_one_clustering,13.287584698
48,doanduyhai_Achilles,e3099bdce342910951c4862c78751fd81ed4552e,integration-test-3_7,info.archinnov.achilles.it.TestEntityWithSASIIndices#should_search_using_end_with,13.319761667
50,doanduyhai_Achilles,e3099bdce342910951c4862c78751fd81ed4552e,integration-test-3_7,info.archinnov.achilles.it.TestEntityWithSASIIndices#should_search_using_like,13.104342218
56,feroult_yawp,b3bcf9c958d51b3b3f8fdd0ccc26923d5a531da1,yawp-testing/yawp-testing-appengine,io.yawp.testing.appengine.pipes.flow.FlowDropsTest#testFlowDropsToSameSink,47.860546972
57,flaxsearch_luwak,c27ec08c803db6ca6be1b6e8017f45667e603161,luwak,uk.co.flax.luwak.matchers.TestPartitionMatcher#testParallelSlowLog,13.919362273
59,javadelight_delight-nashorn-sandbox,da35edc0a75424bad8cbf60959fae253202154c4,.,delight.nashornsandbox.TestGetFunction#test,12.075147003
60,kagkarlsson_db-scheduler,4a8a28e60640dcd03e8d3bf212f483d35b0b6310,.,com.github.kagkarlsson.scheduler.compatibility.HsqlCompatibilityTest#test_compatibility,18.895765377
62,qos-ch_logback,0f57531977287fd3d8c9046e9f68e281715f3b10,logback-classic,ch.qos.logback.classic.net.SMTPAppender_GreenTest#testCustomBufferSize,59.492164995
63,qos-ch_logback,0f57531977287fd3d8c9046e9f68e281715f3b10,logback-classic,ch.qos.logback.classic.net.SMTPAppender_GreenTest#testCustomEvaluator,58.878390052
64,qos-ch_logback,0f57531977287fd3d8c9046e9f68e281715f3b10,logback-core,ch.qos.logback.core.FileAppenderResilienceTest#smoke,14.706035273
65,square_okhttp,129c937fb33328e1f4ee8815a94e89676f242c2c,okhttp-tests,com.squareup.okhttp.internal.spdy.SpdyConnectionTest#receiveGoAway,25.371335810
83,apache_incubator-dubbo,737f7a7e,dubbo-cluster,org.apache.dubbo.rpc.cluster.support.AbstractClusterInvokerTest#testSelect_multiInvokers,21.677133733
84,TooTallNate_Java-WebSocket,fa3909c391195178ccf5a92d4ac342a30ae247c8,.,org.java_websocket.issues.Issue256Test#runReconnectBlockingScenario0,11.522955123
85,TooTallNate_Java-WebSocket,fa3909c391195178ccf5a92d4ac342a30ae247c8,.,org.java_websocket.issues.Issue256Test#runReconnectBlockingScenario1,11.537659207
86,TooTallNate_Java-WebSocket,fa3909c391195178ccf5a92d4ac342a30ae247c8,.,org.java_websocket.issues.Issue256Test#runReconnectBlockingScenario2,11.490429352
87,TooTallNate_Java-WebSocket,fa3909c391195178ccf5a92d4ac342a30ae247c8,.,org.java_websocket.issues.Issue256Test#runReconnectBlockingScenario3,11.312817060
88,TooTallNate_Java-WebSocket,fa3909c391195178ccf5a92d4ac342a30ae247c8,.,org.java_websocket.issues.Issue256Test#runReconnectBlockingScenario4,11.347349985
89,TooTallNate_Java-WebSocket,fa3909c391195178ccf5a92d4ac342a30ae247c8,.,org.java_websocket.issues.Issue256Test#runReconnectBlockingScenario5,11.561650707
90,TooTallNate_Java-WebSocket,fa3909c391195178ccf5a92d4ac342a30ae247c8,.,org.java_websocket.issues.Issue256Test#runReconnectBlockingScenario6,11.781057297
91,TooTallNate_Java-WebSocket,fa3909c391195178ccf5a92d4ac342a30ae247c8,.,org.java_websocket.issues.Issue256Test#runReconnectBlockingScenario7,11.707538206
92,TooTallNate_Java-WebSocket,fa3909c391195178ccf5a92d4ac342a30ae247c8,.,org.java_websocket.issues.Issue256Test#runReconnectBlockingScenario8,11.548669203
93,TooTallNate_Java-WebSocket,fa3909c391195178ccf5a92d4ac342a30ae247c8,.,org.java_websocket.issues.Issue256Test#runReconnectBlockingScenario9,11.641918654
94,TooTallNate_Java-WebSocket,fa3909c391195178ccf5a92d4ac342a30ae247c8,.,org.java_websocket.issues.Issue256Test#runReconnectScenario0,11.606721254
95,TooTallNate_Java-WebSocket,fa3909c391195178ccf5a92d4ac342a30ae247c8,.,org.java_websocket.issues.Issue256Test#runReconnectScenario1,11.584941646
96,TooTallNate_Java-WebSocket,fa3909c391195178ccf5a92d4ac342a30ae247c8,.,org.java_websocket.issues.Issue256Test#runReconnectScenario2,11.492839016
97,TooTallNate_Java-WebSocket,fa3909c391195178ccf5a92d4ac342a30ae247c8,.,org.java_websocket.issues.Issue256Test#runReconnectScenario3,11.389303846
98,TooTallNate_Java-WebSocket,fa3909c391195178ccf5a92d4ac342a30ae247c8,.,org.java_websocket.issues.Issue256Test#runReconnectScenario4,11.736140562
99,TooTallNate_Java-WebSocket,fa3909c391195178ccf5a92d4ac342a30ae247c8,.,org.java_websocket.issues.Issue256Test#runReconnectScenario5,11.520740469
100,TooTallNate_Java-WebSocket,fa3909c391195178ccf5a92d4ac342a30ae247c8,.,org.java_websocket.issues.Issue256Test#runReconnectScenario6,11.522916075
101,TooTallNate_Java-WebSocket,fa3909c391195178ccf5a92d4ac342a30ae247c8,.,org.java_websocket.issues.Issue256Test#runReconnectScenario7,11.565363951
102,TooTallNate_Java-WebSocket,fa3909c391195178ccf5a92d4ac342a30ae247c8,.,org.java_websocket.issues.Issue256Test#runReconnectScenario8,11.532510873
103,TooTallNate_Java-WebSocket,fa3909c391195178ccf5a92d4ac342a30ae247c8,.,org.java_websocket.issues.Issue256Test#runReconnectScenario9,11.460269656
104,TooTallNate_Java-WebSocket,fa3909c391195178ccf5a92d4ac342a30ae247c8,.,org.java_websocket.issues.Issue713Test#testIssue,25.885484548
125,square_okhttp,129c937fb33328e1f4ee8815a94e89676f242c2c,okhttp-tests,com.squareup.okhttp.internal.spdy.SpdyConnectionTest#readSendsWindowUpdate,23.282720862
126,square_okhttp,129c937fb33328e1f4ee8815a94e89676f242c2c,okhttp-tests,com.squareup.okhttp.internal.spdy.SpdyConnectionTest#pushPromiseStream,23.221575438
130,square_okhttp,129c937fb33328e1f4ee8815a94e89676f242c2c,okhttp-tests,com.squareup.okhttp.internal.spdy.SpdyConnectionTest#readSendsWindowUpdateHttp2,23.538746364
132,square_okhttp,129c937fb33328e1f4ee8815a94e89676f242c2c,okhttp-tests,com.squareup.okhttp.internal.http.URLConnectionTest#postFailsWithFixedLengthRequestForLargeRequest,59.278693977
133,square_okhttp,129c937fb33328e1f4ee8815a94e89676f242c2c,okhttp-tests,com.squareup.okhttp.internal.http.URLConnectionTest#postFailsWithChunkedRequestForSmallRequest,59.839305303
134,square_okhttp,129c937fb33328e1f4ee8815a94e89676f242c2c,okhttp-tests,com.squareup.okhttp.internal.http.URLConnectionTest#serverShutdownOutput,57.187017354
135,square_okhttp,129c937fb33328e1f4ee8815a94e89676f242c2c,okhttp-tests,com.squareup.okhttp.internal.http.URLConnectionTest#postFailsWithFixedLengthRequestForSmallRequest,60.540390940
136,square_okhttp,129c937fb33328e1f4ee8815a94e89676f242c2c,okhttp-tests,com.squareup.okhttp.internal.http.URLConnectionTest#postFailsWithChunkedRequestForLargeRequest,61.030191956
141,apache_dubbo,737f7a7ea67832d7f17517326fb2491d0a086dd7,dubbo-config/dubbo-config-api,org.apache.dubbo.config.GenericServiceTest#testGenericImplementationWithBeanSerialization,68.374693617
143,apache_dubbo,737f7a7ea67832d7f17517326fb2491d0a086dd7,dubbo-config/dubbo-config-api,org.apache.dubbo.config.GenericServiceTest#testGenericSerializationJava,64.026202720
144,apache_dubbo,737f7a7ea67832d7f17517326fb2491d0a086dd7,dubbo-config/dubbo-config-api,org.apache.dubbo.config.GenericServiceTest#testGenericServiceException,67.277310428
46,apache_dubbo,737f7a7ea67832d7f17517326fb2491d0a086dd7,dubbo-rpc/dubbo-rpc-dubbo,org.apache.dubbo.rpc.protocol.dubbo.DubboProtocolTest#testPerm,54.013042410
153,apache_httpcore,49247d208bde47f652812493e1d3576e136b8eb8,httpcore,org.apache.http.pool.TestConnPool#testStatefulConnectionRedistributionOnPerRouteMaxLimit,12.544607125
163,davidmoten_rxjava2-extras,d0315b6ecb0d24437ec0d440b6d768e89247d56c,.,com.github.davidmoten.rx2.internal.flowable.FlowableServerSocketTest#testLoad,17.213648564
164,flaxsearch_luwak,c27ec08c803db6ca6be1b6e8017f45667e603161,luwak,uk.co.flax.luwak.matchers.TestParallelMatcher#testParallelSlowLog,17.734049986
173,undertow-io_undertow,ac7204ab8cabb197a1327e5bbdb6e0e2ed1917f1,core,io.undertow.server.handlers.proxy.LoadBalancingProxyTestCase#testLoadSharedWithServerShutdown,44.130246195
174,undertow-io_undertow,ac7204ab8cabb197a1327e5bbdb6e0e2ed1917f1,core,io.undertow.server.security.DigestAuthentication2069TestCase#testDigestSuccess,41.076895142
179,vmware_admiral,e4b02936cc7d4ff2714e7231db0c4373ba5d48a2,adapter/registry,com.vmware.admiral.adapter.registry.service.RegistryAdapterServiceTest#testV1Ping,33.731203579
180,vmware_admiral,e4b02936cc7d4ff2714e7231db0c4373ba5d48a2,compute,com.vmware.admiral.compute.cluster.ClusterServiceTest#testPatchSingleHostClusterWithPublicAddress,87.573289121
621,spring-projects_spring-boot,cf24af0bfbfdd778bfb076947ea6f012a88f372d,spring-boot-cli,org.springframework.boot.cli.SampleIntegrationTests#uiSample,3.465330375
810,zxing_zxing,59ea393a08e568d0c662707bccf56895acfb02cf,core,com.google.zxing.aztec.encoder.EncoderTest#testAztecWriter,27.606301542
811,zxing_zxing,59ea393a08e568d0c662707bccf56895acfb02cf,core,com.google.zxing.pdf417.decoder.ec.ErrorCorrectionTestCase#testTooManyErrors,15.210808518
1002,TooTallNate_Java-WebSocket,fa3909c391195178ccf5a92d4ac342a30ae247c8,.,org.java_websocket.issues.Issue580Test#runNoCloseBlockingTestScenario0,29.276694338
1007,Alluxio_alluxio,78c063ae181279d81cbc0808a684864a8c8b311c,.,tachyon.WorkerServiceHandlerTest#evictionTest,91.811657764
1086,jknack_handlebars.java,db77ef2b6fd2bac7498b4124b95c47f753cf3a2f,handlebars-humanize,com.github.jknack.handlebars.HumanizeHelperTest#naturalTime,24.860164904
id,slug,sha,module_org,testName,
136,square_okhttp,129c937fb33328e1f4ee8815a94e89676f242c2c,okhttp-tests,com.squareup.okhttp.internal.http.URLConnectionTest#postFailsWithChunkedRequestForLargeRequest,3.356618590
id,slug,sha,module_org,testName,
id,slug,sha,module_org,testName,
136,square_okhttp,129c937fb33328e1f4ee8815a94e89676f242c2c,okhttp-tests,com.squareup.okhttp.internal.http.URLConnectionTest#postFailsWithChunkedRequestForLargeRequest,1674.605958129
