id,slug,sha,module,test,,,,
84,TooTallNate/Java-WebSocket,fa3909c391195178ccf5a92d4ac342a30ae247c8,.,org.java_websocket.issues.Issue256Test.runReconnectBlockingScenario0,org.java_websocket.client.WebSocketClient:run:()V:387:if(!socket.isBound() ) {,0_2,2435.025641679764,1
135,square/okhttp,129c937fb33328e1f4ee8815a94e89676f242c2c,okhttp-tests,com.squareup.okhttp.internal.http.URLConnectionTest.postFailsWithFixedLengthRequestForSmallRequest,com.squareup.okhttp.internal.http.HttpURLConnectionImpl:processResponseHeaders:()Lcom/squareup/okhttp/internal/http/HttpURLConnectionImpl$Retry;:406:private Retry processResponseHeaders() throws IOException {,0_1,2732.254758834839,1
141,apache/dubbo,737f7a7ea67832d7f17517326fb2491d0a086dd7,dubbo-config/dubbo-config-api,org.apache.dubbo.config.GenericServiceTest.testGenericImplementationWithBeanSerialization,"org.apache.dubbo.remoting.transport.netty4.NettyClient$1:initChannel:(Lio/netty/channel/Channel;)V:80:NettyCodecAdapter adapter = new NettyCodecAdapter(getCodec(), getUrl(), NettyClient.this);",0_1,4446.851180553436,1
143,apache/dubbo,737f7a7ea67832d7f17517326fb2491d0a086dd7,dubbo-config/dubbo-config-api,org.apache.dubbo.config.GenericServiceTest.testGenericSerializationJava,"org.apache.dubbo.remoting.transport.netty4.NettyServer$1:initChannel:(Lio/netty/channel/socket/nio/NioSocketChannel;)V:87:                         NettyCodecAdapter adapter = new NettyCodecAdapter(getCodec(), getUrl(), NettyServer.this);",0_2,4297.276768445969,1
85,TooTallNate/Java-WebSocket,fa3909c391195178ccf5a92d4ac342a30ae247c8,.,org.java_websocket.issues.Issue256Test.runReconnectBlockingScenario1,,50,7940.947405576706,-100
86,TooTallNate/Java-WebSocket,fa3909c391195178ccf5a92d4ac342a30ae247c8,.,org.java_websocket.issues.Issue256Test.runReconnectBlockingScenario2,org.java_websocket.client.WebSocketClient:run:()V:387:if(!socket.isBound() ) {,0_2,2135.7483258247375,1
130,square/okhttp,129c937fb33328e1f4ee8815a94e89676f242c2c,okhttp-tests,com.squareup.okhttp.internal.spdy.SpdyConnectionTest.readSendsWindowUpdateHttp2,,50,10979.500620126724,0
3,activiti/activiti,b11f757a,activiti-engine,org.activiti.engine.test.jobexecutor.AsyncExecutorTest.testAsyncExecutorDisabledOnOneEngine,,50,16441.740339040756,0
27,doanduyhai/Achilles,e3099bdce342910951c4862c78751fd81ed4552e,integration-test-2_1,info.archinnov.achilles.it.TestDSLSimpleEntity.should_dsl_select_with_token_value,info.archinnov.achilles.embedded.AchillesCassandraConfig:loadConfig:()Lorg/apache/cassandra/config/Config;:51:final Config config = new Config();,0_7,5663.184393644333,1
144,apache/dubbo,737f7a7ea67832d7f17517326fb2491d0a086dd7,dubbo-config/dubbo-config-api,org.apache.dubbo.config.GenericServiceTest.testGenericServiceException,,50,10899.411916255951,-100
87,TooTallNate/Java-WebSocket,fa3909c391195178ccf5a92d4ac342a30ae247c8,.,org.java_websocket.issues.Issue256Test.runReconnectBlockingScenario3,,50,8340.28163766861,1
88,TooTallNate/Java-WebSocket,fa3909c391195178ccf5a92d4ac342a30ae247c8,.,org.java_websocket.issues.Issue256Test.runReconnectBlockingScenario4,org.java_websocket.client.WebSocketClient:run:()V:387:if(!socket.isBound() ) {,0_2,2543.3577041625977,1
28,doanduyhai/Achilles,e3099bdce342910951c4862c78751fd81ed4552e,integration-test-2_1,info.archinnov.achilles.it.TestEntityWithComplexIndices.should_query_using_collection_index,info.archinnov.achilles.embedded.AchillesCassandraConfig:loadConfig:()Lorg/apache/cassandra/config/Config;:51:final Config config = new Config();,0_1,4328.041152238846,1
90,TooTallNate/Java-WebSocket,fa3909c391195178ccf5a92d4ac342a30ae247c8,.,org.java_websocket.issues.Issue256Test.runReconnectBlockingScenario6,org.java_websocket.client.WebSocketClient:run:()V:387:if(!socket.isBound() ) {,0_2,2199.4623267650604,1
29,doanduyhai/Achilles,e3099bdce342910951c4862c78751fd81ed4552e,integration-test-2_1,info.archinnov.achilles.it.TestEntityWithComplexIndices.should_query_using_full_collection_index,info.archinnov.achilles.embedded.AchillesCassandraConfig:loadConfig:()Lorg/apache/cassandra/config/Config;:50:final Config config = new Config();,0_1,4156.752228975296,1
91,TooTallNate/Java-WebSocket,fa3909c391195178ccf5a92d4ac342a30ae247c8,.,org.java_websocket.issues.Issue256Test.runReconnectBlockingScenario7,org.java_websocket.client.WebSocketClient:run:()V:387:if(!socket.isBound() ) {,0_2,2435.5342030525208,1
20,activiti/activiti,b11f757a,activiti-engine,org.activiti.engine.test.bpmn.event.timer.compatibility.BoundaryTimerEventRepeatCompatibilityTest.testRepeatWithoutEnd,,50,14330.141917943954,0
92,TooTallNate/Java-WebSocket,fa3909c391195178ccf5a92d4ac342a30ae247c8,.,org.java_websocket.issues.Issue256Test.runReconnectBlockingScenario8,org.java_websocket.client.WebSocketClient:run:()V:387:if(!socket.isBound() ) {,0_2,2975.730034828186,1
21,apache/dubbo,737f7a7ea67832d7f17517326fb2491d0a086dd7,dubbo-rpc/dubbo-rpc-dubbo,org.apache.dubbo.rpc.protocol.dubbo.DubboProtocolTest.testNonSerializedParameter,,50,13653.413918972015,-100
93,TooTallNate/Java-WebSocket,fa3909c391195178ccf5a92d4ac342a30ae247c8,.,org.java_websocket.issues.Issue256Test.runReconnectBlockingScenario9,org.java_websocket.client.WebSocketClient:run:()V:387:if(!socket.isBound() ) {,0_2,2312.5011689662933,1
94,TooTallNate/Java-WebSocket,fa3909c391195178ccf5a92d4ac342a30ae247c8,.,org.java_websocket.issues.Issue256Test.runReconnectScenario0,org.java_websocket.client.WebSocketClient:run:()V:387:if(!socket.isBound() ) {,0_2,2111.5791573524475,1
11,TooTallNate/Java-WebSocket,fa3909c391195178ccf5a92d4ac342a30ae247c8,.,org.java_websocket.issues.Issue580Test.runNoCloseBlockingTestScenario2,,50,12829.879090070724,0
95,TooTallNate/Java-WebSocket,fa3909c391195178ccf5a92d4ac342a30ae247c8,.,org.java_websocket.issues.Issue256Test.runReconnectScenario1,org.java_websocket.client.WebSocketClient:run:()V:387:if(!socket.isBound() ) {,0_2,1878.3704450130463,1
57,flaxsearch/luwak,c27ec08c803db6ca6be1b6e8017f45667e603161,luwak,uk.co.flax.luwak.matchers.TestPartitionMatcher.testParallelSlowLog,uk.co.flax.luwak.matchers.CollectingMatcher:doMatchQuery:(Ljava/lang/String;Lorg/apache/lucene/search/Query;Ljava/util/Map;)V:50:IndexSearcher searcher = docs.getSearcher();,0_1,4417.828807592392,1
96,TooTallNate/Java-WebSocket,fa3909c391195178ccf5a92d4ac342a30ae247c8,.,org.java_websocket.issues.Issue256Test.runReconnectScenario2,org.java_websocket.client.WebSocketClient:run:()V:387:if(!socket.isBound() ) {,0_2,2215.8091373443604,1
1031,activiti/activiti,b11f757a,activiti-engine,org.activiti.engine.test.api.event.ActivityEventsTest.testActivityTimeOutEvent,,50,9866.762515306473,0
164,flaxsearch/luwak,c27ec08c803db6ca6be1b6e8017f45667e603161,luwak,uk.co.flax.luwak.matchers.TestParallelMatcher.testParallelSlowLog,"uk.co.flax.luwak.matchers.CollectingMatcher:doMatchQuery:(Ljava/lang/String;Lorg/apache/lucene/search/Query;Ljava/util/Map;)V:51:searcher.search(matchQuery, coll);",0_1,3906.302536010742,1
97,TooTallNate/Java-WebSocket,fa3909c391195178ccf5a92d4ac342a30ae247c8,.,org.java_websocket.issues.Issue256Test.runReconnectScenario3,org.java_websocket.client.WebSocketClient:run:()V:387:if(!socket.isBound() ) {,0_2,2043.1757357120514,1
98,TooTallNate/Java-WebSocket,fa3909c391195178ccf5a92d4ac342a30ae247c8,.,org.java_websocket.issues.Issue256Test.runReconnectScenario4,org.java_websocket.client.WebSocketClient:run:()V:387:if(!socket.isBound() ) {,0_2,2080.4361641407013,1
59,javadelight/delight-nashorn-sandbox,da35edc0a75424bad8cbf60959fae253202154c4,.,delight.nashornsandbox.TestGetFunction.test,delight.nashornsandbox.internal.ThreadMonitor:stopMonitor:()V:175:stop.set(true);,0_6,3240.72141289711,1
14,TooTallNate/Java-WebSocket,fa3909c391195178ccf5a92d4ac342a30ae247c8,.,org.java_websocket.issues.Issue580Test.runNoCloseBlockingTestScenario5,,50,9647.394443750381,0
30,doanduyhai/Achilles,e3099bdce342910951c4862c78751fd81ed4552e,integration-test-2_1,info.archinnov.achilles.it.TestEntityWithComplexIndices.should_query_using_index_and_clustering_column,info.archinnov.achilles.embedded.AchillesCassandraConfig:loadConfig:()Lorg/apache/cassandra/config/Config;:71:config.hinted_handoff_enabled = false;,4_7,23153.70546913147,1
99,TooTallNate/Java-WebSocket,fa3909c391195178ccf5a92d4ac342a30ae247c8,.,org.java_websocket.issues.Issue256Test.runReconnectScenario5,,50,10734.19668006897,1
15,TooTallNate/Java-WebSocket,fa3909c391195178ccf5a92d4ac342a30ae247c8,.,org.java_websocket.issues.Issue580Test.runNoCloseBlockingTestScenario8,,50,12028.12413907051,0
100,TooTallNate/Java-WebSocket,fa3909c391195178ccf5a92d4ac342a30ae247c8,.,org.java_websocket.issues.Issue256Test.runReconnectScenario6,org.java_websocket.client.WebSocketClient:getPort:()I:436:int port = uri.getPort();,0_9,3226.606311559677,1
31,doanduyhai/Achilles,e3099bdce342910951c4862c78751fd81ed4552e,integration-test-2_1,info.archinnov.achilles.it.TestEntityWithComplexIndices.should_query_using_index_and_clustering_column_slice,info.archinnov.achilles.embedded.AchillesInitializer:initializeFromParameters:(Ljava/lang/String;Linfo/archinnov/achilles/type/TypedMap;)V:65:ServerStarter.CASSANDRA_EMBEDDED.getShutdownHook,0_9,7329.239367485046,1
101,TooTallNate/Java-WebSocket,fa3909c391195178ccf5a92d4ac342a30ae247c8,.,org.java_websocket.issues.Issue256Test.runReconnectScenario7,org.java_websocket.client.WebSocketClient:run:()V:387:if(!socket.isBound() ) {,0_2,2441.2555873394012,1
102,TooTallNate/Java-WebSocket,fa3909c391195178ccf5a92d4ac342a30ae247c8,.,org.java_websocket.issues.Issue256Test.runReconnectScenario8,org.java_websocket.client.WebSocketClient:run:()V:387:if(!socket.isBound() ) {,0_2,2490.111299753189,1
60,kagkarlsson/db-scheduler,4a8a28e60640dcd03e8d3bf212f483d35b0b6310,.,com.github.kagkarlsson.scheduler.compatibility.HsqlCompatibilityTest.test_compatibility,com.github.kagkarlsson.scheduler.ExecutorUtils:shutdownNowAndAwaitTermination:(Ljava/util/concurrent/ExecutorService;Ljava/time/Duration;)Z:32:executor.shutdownNow();,0_8,5471.7929701805115,1
103,TooTallNate/Java-WebSocket,fa3909c391195178ccf5a92d4ac342a30ae247c8,.,org.java_websocket.issues.Issue256Test.runReconnectScenario9,org.java_websocket.client.WebSocketClient:run:()V:387:if(!socket.isBound() ) {,0_2,2068.822043657303,1
64,qos-ch/logback,0f57531977287fd3d8c9046e9f68e281715f3b10,logback-core,ch.qos.logback.core.FileAppenderResilienceTest.smoke,ch.qos.logback.core.recovery.ResilientOutputStreamBase:write:([BII)V:51:try {,0_3,2555.6221268177032,1
104,TooTallNate/Java-WebSocket,fa3909c391195178ccf5a92d4ac342a30ae247c8,.,org.java_websocket.issues.Issue713Test.testIssue,org.java_websocket.server.WebSocketServer:doBroadcast:(Ljava/lang/Object;Ljava/util/Collection;)V:856:for (WebSocket conn : conns) {,0_1,3605.5504162311554,1
163,davidmoten/rxjava2-extras,d0315b6ecb0d24437ec0d440b6d768e89247d56c,.,com.github.davidmoten.rx2.internal.flowable.FlowableServerSocketTest.testLoad,com.github.davidmoten.rx2.RetryWhen$Builder:build:()Lio/reactivex/functions/Function;:297:            Preconditions.checkNotNull(delays);,0_1,4330.634722232819,1
36,doanduyhai/Achilles,e3099bdce342910951c4862c78751fd81ed4552e,integration-test-2_1,info.archinnov.achilles.it.TestEntityWithComplexIndices.should_query_using_simple_index,,50,17273.38709640503,0
173,undertow-io/undertow,ac7204ab8cabb197a1327e5bbdb6e0e2ed1917f1,core,io.undertow.server.handlers.proxy.LoadBalancingProxyTestCase.testLoadSharedWithServerShutdown,"io.undertow.util.AbstractAttachable:putAttachment:(Lio/undertow/util/AttachmentKey;Ljava/lang/Object;)Ljava/lang/Object;:71:return key.cast(attachments.put(key, key.cast(value)));",0_8,5717.1997764110565,1
40,doanduyhai/Achilles,e3099bdce342910951c4862c78751fd81ed4552e,integration-test-2_2,info.archinnov.achilles.it.TestEntityWithIndicesForJSON.should_query_using_index_and_clustering_column_fromJSON,info.archinnov.achilles.embedded.AchillesCassandraConfig:loadConfig:()Lorg/apache/cassandra/config/Config;:50:final Config config = new Config();,0_1,4966.721809864044,1
174,undertow-io/undertow,ac7204ab8cabb197a1327e5bbdb6e0e2ed1917f1,core,io.undertow.server.security.DigestAuthentication2069TestCase.testDigestSuccess,,50,13752.32153725624,0
41,doanduyhai/Achilles,e3099bdce342910951c4862c78751fd81ed4552e,integration-test-2_2,info.archinnov.achilles.it.TestEntityWithIndicesForJSON.should_query_using_map_key_entry_fromJSON,info.archinnov.achilles.embedded.AchillesCassandraConfig:loadConfig:()Lorg/apache/cassandra/config/Config;:138: return config;,0_1,5035.994555473328,1
89,TooTallNate/Java-WebSocket,fa3909c391195178ccf5a92d4ac342a30ae247c8,.,org.java_websocket.issues.Issue256Test.runReconnectBlockingScenario5,org.java_websocket.client.WebSocketClient:run:()V:387:if(!socket.isBound() ) {,0_2,2477.323306083679,1
42,doanduyhai/Achilles,e3099bdce342910951c4862c78751fd81ed4552e,integration-test-2_2,info.archinnov.achilles.it.TestEntityWithIndicesForJSON.should_query_using_map_key_index_fromJSON,info.archinnov.achilles.embedded.AchillesCassandraConfig:loadConfig:()Lorg/apache/cassandra/config/Config;:138: return config;,0_1,4892.309653997421,1
1002,TooTallNate/Java-WebSocket,fa3909c391195178ccf5a92d4ac342a30ae247c8,.,org.java_websocket.issues.Issue580Test.runNoCloseBlockingTestScenario0,org.java_websocket.framing.CloseFrame:isValid:()V:238:         if (code == CloseFrame.NO_UTF8 && reason.isEmpty()) {,1_7,11156.33178806305,1
43,doanduyhai/Achilles,e3099bdce342910951c4862c78751fd81ed4552e,integration-test-2_2,info.archinnov.achilles.it.TestEntityWithIndicesForJSON.should_query_using_map_key_value_fromJSON,info.archinnov.achilles.embedded.AchillesCassandraConfig:loadConfig:()Lorg/apache/cassandra/config/Config;:50:final Config config = new Config();,0_9,7606.26896572113,1
44,doanduyhai/Achilles,e3099bdce342910951c4862c78751fd81ed4552e,integration-test-2_2,info.archinnov.achilles.it.TestEntityWithIndicesForJSON.should_query_using_simple_index_fromJSON,"info.archinnov.achilles.embedded.AchillesCassandraConfig:loadConfig:()Lorg/apache/cassandra/config/Config;:52:final int numTokens = Integer.parseInt(System.getProperty(""cassandra-num-tokens"", ""256""));",0_1,5350.511124134064,1
45,doanduyhai/Achilles,e3099bdce342910951c4862c78751fd81ed4552e,integration-test-3_10,info.archinnov.achilles.it.TestEntityForGroupByIT.should_select_sum_group_by_partition_keys,info.archinnov.achilles.embedded.AchillesCassandraConfig:loadConfig:()Lorg/apache/cassandra/config/Config;:50:final Config config = new Config();,0_8,7946.102930545807,1
46,doanduyhai/Achilles,e3099bdce342910951c4862c78751fd81ed4552e,integration-test-3_10,info.archinnov.achilles.it.TestEntityForGroupByIT.should_select_sum_group_by_partition_keys_and_one_clustering,info.archinnov.achilles.embedded.AchillesCassandraConfig:loadConfig:()Lorg/apache/cassandra/config/Config;:138:return config;,1_8,15486.216314315796,1
48,doanduyhai/Achilles,e3099bdce342910951c4862c78751fd81ed4552e,integration-test-3_7,info.archinnov.achilles.it.TestEntityWithSASIIndices.should_search_using_end_with,"info.archinnov.achilles.embedded.AchillesCassandraConfig:loadConfig:()Lorg/apache/cassandra/config/Config;:52:final int numTokens = Integer.parseInt(System.getProperty(""cassandra-num-tokens"", ""256""));",0_1,5468.522082090378,1
39,doanduyhai/Achilles,e3099bdce342910951c4862c78751fd81ed4552e,integration-test-2_2,info.archinnov.achilles.it.TestEntityWithIndicesForJSON.should_query_using_full_collection_index_fromJSON,,50,31906.84450650215,0
50,doanduyhai/Achilles,e3099bdce342910951c4862c78751fd81ed4552e,integration-test-3_7,info.archinnov.achilles.it.TestEntityWithSASIIndices.should_search_using_like,"info.archinnov.achilles.embedded.AchillesCassandraConfig:loadConfig:()Lorg/apache/cassandra/config/Config;:129:final Map<String, String> seedsMap = new HashMap<>();",0_10,9921.809904813766,1
