"Project_Git_URL","Git_SHA","TestMethod","Minutes","Thread","SleepyLines","Failure"
"No Project_Git_URL","NO_GIT_SHA","me.prettyprint.cassandra.examples.ExampleDaoV2Test#testMultiInsertGetDelete","0.0","<-1076637991,1>","NoFail","NoFail"
"No Project_Git_URL","NO_GIT_SHA","me.prettyprint.cassandra.examples.ExampleDaoV2Test#testMultiInsertGetDelete","4.0","<-1445945953,1>","NoFail","NoFail"
"No Project_Git_URL","NO_GIT_SHA","me.prettyprint.cassandra.examples.ExampleDaoV2Test#testMultiInsertGetDelete","0.0","<-1679052006,1>","NoFail","NoFail"
"No Project_Git_URL","NO_GIT_SHA","me.prettyprint.cassandra.examples.ExampleDaoV2Test#testMultiInsertGetDelete","0.0","<-1726729280,1>","NoFail","NoFail"
"No Project_Git_URL","NO_GIT_SHA","me.prettyprint.cassandra.examples.ExampleDaoV2Test#testMultiInsertGetDelete","0.0","<-1821799064,0>","NoFail","NoFail"
"No Project_Git_URL","NO_GIT_SHA","me.prettyprint.cassandra.examples.ExampleDaoV2Test#testMultiInsertGetDelete","0.0","<-1821799064,1>","NoFail","NoFail"
"No Project_Git_URL","NO_GIT_SHA","me.prettyprint.cassandra.examples.ExampleDaoV2Test#testMultiInsertGetDelete","0.0","<-1821799064,2>","NoFail","NoFail"
"No Project_Git_URL","NO_GIT_SHA","me.prettyprint.cassandra.examples.ExampleDaoV2Test#testMultiInsertGetDelete","0.0","<-1821799064,3>","NoFail","NoFail"
"No Project_Git_URL","NO_GIT_SHA","me.prettyprint.cassandra.examples.ExampleDaoV2Test#testMultiInsertGetDelete","0.0","<-1821799064,4>","NoFail","NoFail"
"No Project_Git_URL","NO_GIT_SHA","me.prettyprint.cassandra.examples.ExampleDaoV2Test#testMultiInsertGetDelete","0.0","<-2012090088,0>","NoFail","NoFail"
"No Project_Git_URL","NO_GIT_SHA","me.prettyprint.cassandra.examples.ExampleDaoV2Test#testMultiInsertGetDelete","0.0","<-2012090088,1>","NoFail","NoFail"
"No Project_Git_URL","NO_GIT_SHA","me.prettyprint.cassandra.examples.ExampleDaoV2Test#testMultiInsertGetDelete","0.0","<-2012090088,2>","NoFail","NoFail"
"No Project_Git_URL","NO_GIT_SHA","me.prettyprint.cassandra.examples.ExampleDaoV2Test#testMultiInsertGetDelete","0.0","<-2012090088,3>","NoFail","NoFail"
"No Project_Git_URL","NO_GIT_SHA","me.prettyprint.cassandra.examples.ExampleDaoV2Test#testMultiInsertGetDelete","0.0","<-2012090088,4>","NoFail","NoFail"
"No Project_Git_URL","NO_GIT_SHA","me.prettyprint.cassandra.examples.ExampleDaoV2Test#testMultiInsertGetDelete","9.0","<-2042950547,1>","NoFail","NoFail"
"No Project_Git_URL","NO_GIT_SHA","me.prettyprint.cassandra.examples.ExampleDaoV2Test#testMultiInsertGetDelete","0.0","<-560952070,1>","NoFail","NoFail"
"No Project_Git_URL","NO_GIT_SHA","me.prettyprint.cassandra.examples.ExampleDaoV2Test#testMultiInsertGetDelete","0.0","<-608885974,1>","NoFail","NoFail"
"No Project_Git_URL","NO_GIT_SHA","me.prettyprint.cassandra.examples.ExampleDaoV2Test#testMultiInsertGetDelete","0.0","<1128800821,1>","NoFail","NoFail"
"No Project_Git_URL","NO_GIT_SHA","me.prettyprint.cassandra.examples.ExampleDaoV2Test#testMultiInsertGetDelete","0.0","<1330234407,1>","NoFail","NoFail"
"No Project_Git_URL","NO_GIT_SHA","me.prettyprint.cassandra.examples.ExampleDaoV2Test#testMultiInsertGetDelete","0.0","<1330234407,2>","NoFail","NoFail"
"No Project_Git_URL","NO_GIT_SHA","me.prettyprint.cassandra.examples.ExampleDaoV2Test#testMultiInsertGetDelete","0.0","<1330234407,3>","NoFail","NoFail"
"No Project_Git_URL","NO_GIT_SHA","me.prettyprint.cassandra.examples.ExampleDaoV2Test#testMultiInsertGetDelete","0.0","<1330234407,4>","NoFail","NoFail"
"No Project_Git_URL","NO_GIT_SHA","me.prettyprint.cassandra.examples.ExampleDaoV2Test#testMultiInsertGetDelete","0.0","<1552138939,1>","NoFail","NoFail"
"No Project_Git_URL","NO_GIT_SHA","me.prettyprint.cassandra.examples.ExampleDaoV2Test#testMultiInsertGetDelete","0.0","<1851295474,1>","NoFail","NoFail"
"No Project_Git_URL","NO_GIT_SHA","me.prettyprint.cassandra.examples.ExampleDaoV2Test#testMultiInsertGetDelete","3.0","<1881357369,1>","NoFail","NoFail"
"No Project_Git_URL","NO_GIT_SHA","me.prettyprint.cassandra.examples.ExampleDaoV2Test#testMultiInsertGetDelete","0.0","<1982396141,1>","NoFail","NoFail"
"No Project_Git_URL","NO_GIT_SHA","me.prettyprint.cassandra.examples.ExampleDaoV2Test#testMultiInsertGetDelete","30.0","<782874694,0>","NoFail","NoFail"
"No Project_Git_URL","NO_GIT_SHA","me.prettyprint.cassandra.examples.ExampleDaoV2Test#testMultiInsertGetDelete","55.0","<782874694,1>","NoFail","NoFail"
"No Project_Git_URL","NO_GIT_SHA","me.prettyprint.cassandra.examples.ExampleDaoV2Test#testMultiInsertGetDelete","28.0","<782874694,2>","NoFail","NoFail"
"No Project_Git_URL","NO_GIT_SHA","me.prettyprint.cassandra.examples.ExampleDaoV2Test#testMultiInsertGetDelete","43.0","<782874694,3>","NoFail","NoFail"
"No Project_Git_URL","NO_GIT_SHA","me.prettyprint.cassandra.examples.ExampleDaoV2Test#testMultiInsertGetDelete","43.0","<782874694,4>","NoFail","NoFail"
"No Project_Git_URL","NO_GIT_SHA","me.prettyprint.cassandra.examples.ExampleDaoV2Test#testMultiInsertGetDelete","0.0","<82056779,1>","NoFail","NoFail"
"No Project_Git_URL","NO_GIT_SHA","me.prettyprint.cassandra.examples.ExampleDaoV2Test#testMultiInsertGetDelete","89.0","<main>","NoFail","NoFail"
