"initialRun","Thread","sleepyline"
"0","<main>","org/java_websocket/util/SocketUtil:getAvailablePort:38"
"0","<main>","org/java_websocket/util/SocketUtil:getAvailablePort:39"
"0","<main>","org/slf4j/LoggerFactory:getILoggerFactory:409"
"0","<main>","org/slf4j/impl/SimpleLogger:<clinit>:147"
"0","<main>","org/slf4j/impl/SimpleLogger:<clinit>:148"
"0","<main>","org/slf4j/impl/SimpleLoggerConfiguration$1:run:102"
"0","<main>","org/slf4j/impl/SimpleLoggerConfiguration$1:run:103"
"0","<main>","org/slf4j/LoggerFactory:fixSubstituteLoggers:184"
"0","<main>","org/slf4j/LoggerFactory:fixSubstituteLoggers:190"
"0","<main>","org/slf4j/LoggerFactory:replayEvents:201"
"0","<main>","org/slf4j/LoggerFactory:replayEvents:202"
"0","<main>","org/slf4j/LoggerFactory:replayEvents:206"
"0","<main>","org/slf4j/LoggerFactory:replayEvents:207"
"0","<main>","org/slf4j/helpers/SubstituteLoggerFactory:clear:78"
"0","<main>","org/slf4j/helpers/SubstituteLoggerFactory:clear:79"
"0","<main>","org/slf4j/LoggerFactory:getILoggerFactory:414"
"0","<main>","org/slf4j/impl/SimpleLoggerFactory:getLogger:57"
"0","<main>","org/slf4j/impl/SimpleLoggerFactory:getLogger:58"
"0","<main>","org/java_websocket/server/WebSocketServer:start:231"
"0","<main>","org/java_websocket/server/WebSocketServer:start:232"
"0","<main>","org/java_websocket/util/ThreadCheck:getThreadMap:76"
"0","<main>","org/java_websocket/util/ThreadCheck:getThreadMap:77"
"0","<main>","org/java_websocket/util/ThreadCheck:getThreadMap:78"
"0","<main>","org/java_websocket/util/ThreadCheck:getThreadMap:79"
"0","<main>","org/java_websocket/util/ThreadCheck:getThreadMap:80"
"0","<main>","org/java_websocket/WebSocketImpl:<init>:126"
"0","<main>","org/java_websocket/WebSocketImpl:<init>:127"
"0","<main>","org/java_websocket/WebSocketImpl:<init>:142"
"0","<main>","org/java_websocket/WebSocketImpl:<init>:143"
"0","<main>","org/java_websocket/client/WebSocketClient:connect:284"
"0","<main>","org/java_websocket/client/WebSocketClient:connect:285"
"0","<main>","org/java_websocket/client/WebSocketClient:connect:286"
"0","<main>","org/java_websocket/client/WebSocketClient:connectBlocking:295"
"0","<main>","org/java_websocket/client/WebSocketClient:connectBlocking:296"
"0","<main>","org/java_websocket/WebSocketImpl:close:0"
"0","<main>","org/java_websocket/util/ByteBufferUtils:getEmptyByteBuffer:71"
"0","<main>","org/java_websocket/util/ByteBufferUtils:getEmptyByteBuffer:72"
"0","<main>","org/java_websocket/framing/CloseFrame:updatePayload:293"
"0","<main>","org/java_websocket/framing/CloseFrame:updatePayload:294"
"0","<main>","org/java_websocket/framing/CloseFrame:updatePayload:295"
"0","<main>","org/java_websocket/framing/CloseFrame:updatePayload:296"
"0","<main>","org/java_websocket/framing/CloseFrame:updatePayload:297"
"0","<main>","org/java_websocket/framing/CloseFrame:updatePayload:298"
"0","<main>","org/java_websocket/framing/CloseFrame:updatePayload:299"
"0","<main>","org/java_websocket/drafts/Draft_6455:createBinaryFrame:346"
"0","<main>","org/java_websocket/drafts/Draft_6455:createBinaryFrame:347"
"0","<main>","org/java_websocket/drafts/Draft_6455:createByteBufferFromFramedata:354"
"0","<main>","org/java_websocket/drafts/Draft_6455:createByteBufferFromFramedata:355"
"0","<main>","org/java_websocket/drafts/Draft_6455:createByteBufferFromFramedata:358"
"0","<main>","org/java_websocket/drafts/Draft_6455:createByteBufferFromFramedata:359"
"0","<main>","org/java_websocket/drafts/Draft_6455:createByteBufferFromFramedata:363"
"0","<main>","org/java_websocket/drafts/Draft_6455:createByteBufferFromFramedata:364"
"0","<main>","org/java_websocket/drafts/Draft_6455:createByteBufferFromFramedata:374"
"0","<main>","org/java_websocket/drafts/Draft_6455:createByteBufferFromFramedata:375"
"0","<main>","org/java_websocket/drafts/Draft_6455:createByteBufferFromFramedata:376"
"0","<main>","org/java_websocket/drafts/Draft_6455:createByteBufferFromFramedata:377"
"0","<main>","org/java_websocket/drafts/Draft_6455:createByteBufferFromFramedata:378"
"0","<main>","org/java_websocket/drafts/Draft_6455:createByteBufferFromFramedata:379"
"0","<main>","org/java_websocket/WebSocketImpl:write:689"
"0","<main>","org/java_websocket/WebSocketImpl:write:677"
"0","<main>","org/java_websocket/WebSocketImpl:write:678"
"0","<main>","org/java_websocket/WebSocketImpl:write:679"
"0","<main>","org/java_websocket/WebSocketImpl:write:680"
"0","<main>","org/java_websocket/WebSocketImpl:write:693"
"0","<main>","org/java_websocket/WebSocketImpl:flushAndClose:0"
"0","<main>","org/java_websocket/WebSocketImpl:flushAndClose:553"
"0","<main>","org/java_websocket/WebSocketImpl:close:460"
"0","<main>","org/java_websocket/client/WebSocketClient:closeBlocking:328"
"0","<main>","org/java_websocket/client/WebSocketClient:closeBlocking:329"
"0","<main>","org/java_websocket/issues/Issue256Test:runTestScenarioReconnect:123"
"0","<main>","org/java_websocket/issues/Issue256Test:runTestScenarioReconnect:124"
"0","<main>","org/java_websocket/client/WebSocketClient:reset:248"
"0","<main>","org/java_websocket/client/WebSocketClient:reset:249"
"0","<main>","org/java_websocket/util/ThreadCheck:after:44"
"0","<main>","org/java_websocket/util/ThreadCheck:after:45"
"0","<main>","org/java_websocket/util/ThreadCheck:after:46"
"0","<main>","org/java_websocket/util/ThreadCheck:after:47"
"0","<main>","org/java_websocket/util/ThreadCheck:checkZombies:57"
"0","<main>","org/java_websocket/util/ThreadCheck:checkZombies:58"
"0","<main>","org/java_websocket/server/WebSocketServer:stop:247"
"0","<main>","org/java_websocket/server/WebSocketServer:stop:248"
"0","<main>","org/java_websocket/server/WebSocketServer:stop:254"
"0","<main>","org/java_websocket/server/WebSocketServer:stop:256"
"0","<main>","org/java_websocket/server/WebSocketServer:stop:264"
"0","<main>","org/java_websocket/server/WebSocketServer:stop:266"
"0","<main>","org/java_websocket/server/WebSocketServer:stop:267"
"0","<main>","org/java_websocket/server/WebSocketServer:stop:268"
"0","<main>","org/java_websocket/server/WebSocketServer:stop:269"
"0","<-746895182,1>","org/java_websocket/server/WebSocketServer$WebSocketWorker:run:0"
"0","<-746895182,1>","org/java_websocket/server/WebSocketServer$WebSocketWorker:run:908"
"0","<-746895182,1>","org/java_websocket/server/WebSocketServer$WebSocketWorker:run:909"
"0","<-746895182,1>","org/java_websocket/WebSocketImpl:decode:202"
"0","<-746895182,1>","org/java_websocket/WebSocketImpl:decode:203"
"0","<-746895182,1>","org/java_websocket/drafts/Draft:readLine:65"
"0","<-746895182,1>","org/java_websocket/drafts/Draft:readLine:66"
"0","<-746895182,1>","org/java_websocket/drafts/Draft:readLine:70"
"0","<-746895182,1>","org/java_websocket/drafts/Draft:readLine:71"
"0","<-746895182,1>","org/java_websocket/drafts/Draft:readLine:72"
"0","<-746895182,1>","org/java_websocket/drafts/Draft:readStringLine:86"
"0","<-746895182,1>","org/java_websocket/drafts/Draft:readStringLine:87"
"0","<-746895182,1>","org/java_websocket/drafts/Draft:createHandshake:229"
"0","<-746895182,1>","org/java_websocket/drafts/Draft:createHandshake:230"
"0","<-746895182,1>","org/java_websocket/drafts/Draft:createHandshake:231"
"0","<-746895182,1>","org/java_websocket/WebSocketImpl:write:689"
"0","<-746895182,1>","org/java_websocket/WebSocketImpl:write:677"
"0","<-746895182,1>","org/java_websocket/WebSocketImpl:write:678"
"0","<-746895182,1>","org/java_websocket/WebSocketImpl:write:679"
"0","<-746895182,1>","org/java_websocket/WebSocketImpl:write:680"
"0","<-746895182,1>","org/java_websocket/server/WebSocketServer:onWriteDemand:655"
"0","<-746895182,1>","org/java_websocket/server/WebSocketServer:onWriteDemand:656"
"0","<-746895182,1>","org/java_websocket/server/WebSocketServer:onWriteDemand:660"
"0","<-746895182,1>","org/java_websocket/server/WebSocketServer:onWriteDemand:661"
"0","<-746895182,1>","org/java_websocket/WebSocketImpl:write:693"
"0","<-746895182,1>","org/java_websocket/server/WebSocketServer:addConnection:633"
"0","<-746895182,1>","org/java_websocket/server/WebSocketServer:addConnection:634"
"0","<-746895182,1>","org/java_websocket/server/WebSocketServer:addConnection:637"
"0","<-746895182,1>","org/java_websocket/server/WebSocketServer:pushBuffer:518"
"0","<-746895182,1>","org/java_websocket/server/WebSocketServer:pushBuffer:519"
"0","<-746895182,1>","org/java_websocket/server/WebSocketServer:pushBuffer:520"
"0","<-746895182,1>","org/java_websocket/server/WebSocketServer:pushBuffer:521"
"0","<-746895182,1>","org/java_websocket/drafts/Draft_6455:translateSingleFrame:397"
"0","<-746895182,1>","org/java_websocket/drafts/Draft_6455:translateSingleFrame:398"
"0","<-746895182,1>","org/java_websocket/drafts/Draft_6455:translateSingleFrame:411"
"0","<-746895182,1>","org/java_websocket/drafts/Draft_6455:translateSingleFrame:412"
"0","<-746895182,1>","org/java_websocket/drafts/Draft_6455:translateSingleFrame:460"
"0","<-746895182,1>","org/java_websocket/drafts/Draft_6455:translateSingleFrame:461"
"0","<-746895182,1>","org/java_websocket/drafts/Draft_6455:translateSingleFrame:463"
"0","<-746895182,1>","org/java_websocket/drafts/Draft_6455:translateSingleFrame:464"
"0","<-746895182,1>","org/java_websocket/drafts/Draft_6455:translateSingleFrame:465"
"0","<-746895182,1>","org/java_websocket/drafts/Draft_6455:translateSingleFrame:466"
"0","<-746895182,1>","org/java_websocket/util/ByteBufferUtils:getEmptyByteBuffer:71"
"0","<-746895182,1>","org/java_websocket/util/ByteBufferUtils:getEmptyByteBuffer:72"
"0","<-746895182,1>","org/java_websocket/framing/CloseFrame:updatePayload:293"
"0","<-746895182,1>","org/java_websocket/framing/CloseFrame:updatePayload:294"
"0","<-746895182,1>","org/java_websocket/framing/CloseFrame:updatePayload:295"
"0","<-746895182,1>","org/java_websocket/framing/CloseFrame:updatePayload:296"
"0","<-746895182,1>","org/java_websocket/framing/CloseFrame:updatePayload:297"
"0","<-746895182,1>","org/java_websocket/framing/CloseFrame:updatePayload:298"
"0","<-746895182,1>","org/java_websocket/framing/CloseFrame:updatePayload:299"
"0","<-746895182,1>","org/java_websocket/framing/CloseFrame:setPayload:264"
"0","<-746895182,1>","org/java_websocket/framing/CloseFrame:setPayload:265"
"0","<-746895182,1>","org/java_websocket/framing/CloseFrame:setPayload:266"
"0","<-746895182,1>","org/java_websocket/framing/CloseFrame:setPayload:267"
"0","<-746895182,1>","org/java_websocket/framing/CloseFrame:setPayload:268"
"0","<-746895182,1>","org/java_websocket/framing/CloseFrame:setPayload:269"
"0","<-746895182,1>","org/java_websocket/util/Charsetfunctions:stringUtf8:93"
"0","<-746895182,1>","org/java_websocket/util/Charsetfunctions:stringUtf8:94"
"0","<-746895182,1>","org/java_websocket/drafts/Draft_6455:translateSingleFrame:481"
"0","<-746895182,1>","org/java_websocket/drafts/Draft_6455:translateSingleFrame:482"
"0","<-746895182,1>","org/java_websocket/WebSocketImpl:close:0"
"0","<-746895182,1>","org/java_websocket/drafts/Draft_6455:createBinaryFrame:346"
"0","<-746895182,1>","org/java_websocket/drafts/Draft_6455:createBinaryFrame:347"
"0","<-746895182,1>","org/java_websocket/drafts/Draft_6455:createByteBufferFromFramedata:354"
"0","<-746895182,1>","org/java_websocket/drafts/Draft_6455:createByteBufferFromFramedata:355"
"0","<-746895182,1>","org/java_websocket/drafts/Draft_6455:createByteBufferFromFramedata:358"
"0","<-746895182,1>","org/java_websocket/drafts/Draft_6455:createByteBufferFromFramedata:359"
"0","<-746895182,1>","org/java_websocket/drafts/Draft_6455:createByteBufferFromFramedata:363"
"0","<-746895182,1>","org/java_websocket/drafts/Draft_6455:createByteBufferFromFramedata:364"
"0","<-746895182,1>","org/java_websocket/drafts/Draft_6455:createByteBufferFromFramedata:381"
"0","<-746895182,1>","org/java_websocket/drafts/Draft_6455:createByteBufferFromFramedata:382"
"0","<-746895182,1>","org/java_websocket/WebSocketImpl:flushAndClose:0"
"0","<-746895182,1>","org/java_websocket/WebSocketImpl:flushAndClose:553"
"0","<-746895182,1>","org/java_websocket/WebSocketImpl:close:460"
"0","<-746895182,1>","org/java_websocket/server/WebSocketServer$WebSocketWorker:run:922"
"0","<-746895182,1>","org/java_websocket/server/WebSocketServer$WebSocketWorker:run:923"
"0","<-746895182,2>","org/java_websocket/server/WebSocketServer$WebSocketWorker:run:0"
"0","<-746895182,2>","org/java_websocket/server/WebSocketServer$WebSocketWorker:run:908"
"0","<-746895182,2>","org/java_websocket/server/WebSocketServer$WebSocketWorker:run:909"
"0","<-746895182,2>","org/java_websocket/WebSocketImpl:decode:202"
"0","<-746895182,2>","org/java_websocket/WebSocketImpl:decode:203"
"0","<-746895182,2>","org/java_websocket/drafts/Draft:readLine:65"
"0","<-746895182,2>","org/java_websocket/drafts/Draft:readLine:66"
"0","<-746895182,2>","org/java_websocket/drafts/Draft:readLine:70"
"0","<-746895182,2>","org/java_websocket/drafts/Draft:readLine:71"
"0","<-746895182,2>","org/java_websocket/drafts/Draft:readLine:72"
"0","<-746895182,2>","org/java_websocket/drafts/Draft:readStringLine:86"
"0","<-746895182,2>","org/java_websocket/drafts/Draft:readStringLine:87"
"0","<-746895182,2>","org/java_websocket/drafts/Draft:createHandshake:229"
"0","<-746895182,2>","org/java_websocket/drafts/Draft:createHandshake:230"
"0","<-746895182,2>","org/java_websocket/drafts/Draft:createHandshake:231"
"0","<-746895182,2>","org/java_websocket/WebSocketImpl:write:689"
"0","<-746895182,2>","org/java_websocket/WebSocketImpl:write:677"
"0","<-746895182,2>","org/java_websocket/WebSocketImpl:write:678"
"0","<-746895182,2>","org/java_websocket/WebSocketImpl:write:679"
"0","<-746895182,2>","org/java_websocket/WebSocketImpl:write:680"
"0","<-746895182,2>","org/java_websocket/server/WebSocketServer:onWriteDemand:655"
"0","<-746895182,2>","org/java_websocket/server/WebSocketServer:onWriteDemand:656"
"0","<-746895182,2>","org/java_websocket/server/WebSocketServer:onWriteDemand:660"
"0","<-746895182,2>","org/java_websocket/server/WebSocketServer:onWriteDemand:661"
"0","<-746895182,2>","org/java_websocket/WebSocketImpl:write:693"
"0","<-746895182,2>","org/java_websocket/server/WebSocketServer:addConnection:633"
"0","<-746895182,2>","org/java_websocket/server/WebSocketServer:addConnection:634"
"0","<-746895182,2>","org/java_websocket/server/WebSocketServer:addConnection:637"
"0","<-746895182,2>","org/java_websocket/server/WebSocketServer:pushBuffer:518"
"0","<-746895182,2>","org/java_websocket/server/WebSocketServer:pushBuffer:519"
"0","<-746895182,2>","org/java_websocket/server/WebSocketServer:pushBuffer:520"
"0","<-746895182,2>","org/java_websocket/server/WebSocketServer:pushBuffer:521"
"0","<-746895182,2>","org/java_websocket/drafts/Draft_6455:translateSingleFrame:397"
"0","<-746895182,2>","org/java_websocket/drafts/Draft_6455:translateSingleFrame:398"
"0","<-746895182,2>","org/java_websocket/drafts/Draft_6455:translateSingleFrame:411"
"0","<-746895182,2>","org/java_websocket/drafts/Draft_6455:translateSingleFrame:412"
"0","<-746895182,2>","org/java_websocket/drafts/Draft_6455:translateSingleFrame:460"
"0","<-746895182,2>","org/java_websocket/drafts/Draft_6455:translateSingleFrame:461"
"0","<-746895182,2>","org/java_websocket/drafts/Draft_6455:translateSingleFrame:463"
"0","<-746895182,2>","org/java_websocket/drafts/Draft_6455:translateSingleFrame:464"
"0","<-746895182,2>","org/java_websocket/drafts/Draft_6455:translateSingleFrame:465"
"0","<-746895182,2>","org/java_websocket/drafts/Draft_6455:translateSingleFrame:466"
"0","<-746895182,2>","org/java_websocket/util/ByteBufferUtils:getEmptyByteBuffer:71"
"0","<-746895182,2>","org/java_websocket/util/ByteBufferUtils:getEmptyByteBuffer:72"
"0","<-746895182,2>","org/java_websocket/framing/CloseFrame:updatePayload:293"
"0","<-746895182,2>","org/java_websocket/framing/CloseFrame:updatePayload:294"
"0","<-746895182,2>","org/java_websocket/framing/CloseFrame:updatePayload:295"
"0","<-746895182,2>","org/java_websocket/framing/CloseFrame:updatePayload:296"
"0","<-746895182,2>","org/java_websocket/framing/CloseFrame:updatePayload:297"
"0","<-746895182,2>","org/java_websocket/framing/CloseFrame:updatePayload:298"
"0","<-746895182,2>","org/java_websocket/framing/CloseFrame:updatePayload:299"
"0","<-746895182,2>","org/java_websocket/framing/CloseFrame:setPayload:264"
"0","<-746895182,2>","org/java_websocket/framing/CloseFrame:setPayload:265"
"0","<-746895182,2>","org/java_websocket/framing/CloseFrame:setPayload:266"
"0","<-746895182,2>","org/java_websocket/framing/CloseFrame:setPayload:267"
"0","<-746895182,2>","org/java_websocket/framing/CloseFrame:setPayload:268"
"0","<-746895182,2>","org/java_websocket/framing/CloseFrame:setPayload:269"
"0","<-746895182,2>","org/java_websocket/util/Charsetfunctions:stringUtf8:93"
"0","<-746895182,2>","org/java_websocket/util/Charsetfunctions:stringUtf8:94"
"0","<-746895182,2>","org/java_websocket/drafts/Draft_6455:translateSingleFrame:481"
"0","<-746895182,2>","org/java_websocket/drafts/Draft_6455:translateSingleFrame:482"
"0","<-746895182,2>","org/java_websocket/WebSocketImpl:close:0"
"0","<-746895182,2>","org/java_websocket/drafts/Draft_6455:createBinaryFrame:346"
"0","<-746895182,2>","org/java_websocket/drafts/Draft_6455:createBinaryFrame:347"
"0","<-746895182,2>","org/java_websocket/drafts/Draft_6455:createByteBufferFromFramedata:354"
"0","<-746895182,2>","org/java_websocket/drafts/Draft_6455:createByteBufferFromFramedata:355"
"0","<-746895182,2>","org/java_websocket/drafts/Draft_6455:createByteBufferFromFramedata:358"
"0","<-746895182,2>","org/java_websocket/drafts/Draft_6455:createByteBufferFromFramedata:359"
"0","<-746895182,2>","org/java_websocket/drafts/Draft_6455:createByteBufferFromFramedata:363"
"0","<-746895182,2>","org/java_websocket/drafts/Draft_6455:createByteBufferFromFramedata:364"
"0","<-746895182,2>","org/java_websocket/drafts/Draft_6455:createByteBufferFromFramedata:381"
"0","<-746895182,2>","org/java_websocket/drafts/Draft_6455:createByteBufferFromFramedata:382"
"0","<-746895182,2>","org/java_websocket/WebSocketImpl:flushAndClose:0"
"0","<-746895182,2>","org/java_websocket/WebSocketImpl:flushAndClose:553"
"0","<-746895182,2>","org/java_websocket/WebSocketImpl:close:460"
"0","<-746895182,2>","org/java_websocket/server/WebSocketServer$WebSocketWorker:run:922"
"0","<-746895182,2>","org/java_websocket/server/WebSocketServer$WebSocketWorker:run:923"
"0","<-746895182,3>","org/java_websocket/server/WebSocketServer$WebSocketWorker:run:0"
"0","<-746895182,3>","org/java_websocket/server/WebSocketServer$WebSocketWorker:run:908"
"0","<-746895182,3>","org/java_websocket/server/WebSocketServer$WebSocketWorker:run:922"
"0","<-746895182,3>","org/java_websocket/server/WebSocketServer$WebSocketWorker:run:923"
"0","<-746895182,4>","org/java_websocket/server/WebSocketServer$WebSocketWorker:run:0"
"0","<-746895182,4>","org/java_websocket/server/WebSocketServer$WebSocketWorker:run:908"
"0","<-746895182,4>","org/java_websocket/server/WebSocketServer$WebSocketWorker:run:922"
"0","<-746895182,4>","org/java_websocket/server/WebSocketServer$WebSocketWorker:run:923"
"0","<-746895182,0>","org/java_websocket/server/WebSocketServer$WebSocketWorker:run:0"
"0","<-746895182,0>","org/java_websocket/server/WebSocketServer$WebSocketWorker:run:908"
"0","<-746895182,0>","org/java_websocket/server/WebSocketServer$WebSocketWorker:run:923"
"0","<-746895182,0>","org/java_websocket/server/WebSocketServer$WebSocketWorker:run:922"
"0","<-755661232,1>","org/java_websocket/server/WebSocketServer:run:0"
"0","<-755661232,1>","org/java_websocket/server/WebSocketServer:run:309"
"0","<-755661232,1>","org/java_websocket/server/WebSocketServer:run:312"
"0","<-755661232,1>","org/java_websocket/server/WebSocketServer:run:313"
"0","<-755661232,1>","org/java_websocket/server/WebSocketServer:run:314"
"0","<-755661232,1>","org/java_websocket/server/WebSocketServer:run:316"
"0","<-755661232,1>","org/java_websocket/server/WebSocketServer:run:317"
"0","<-755661232,1>","org/java_websocket/server/WebSocketServer:run:318"
"0","<-755661232,1>","org/java_websocket/server/WebSocketServer:run:319"
"0","<-755661232,1>","org/java_websocket/server/WebSocketServer:run:320"
"0","<-755661232,1>","org/java_websocket/server/WebSocketServer:run:321"
"0","<-755661232,1>","org/java_websocket/server/WebSocketServer:run:322"
"0","<-755661232,1>","org/java_websocket/server/WebSocketServer:run:324"
"0","<-755661232,1>","org/java_websocket/server/WebSocketServer:run:325"
"0","<-755661232,1>","org/java_websocket/server/WebSocketServer:run:326"
"0","<-755661232,1>","org/java_websocket/server/WebSocketServer:run:327"
"0","<-755661232,1>","org/java_websocket/issues/Issue256Test$1:onStart:84"
"0","<-755661232,1>","org/java_websocket/issues/Issue256Test$1:onStart:85"
"0","<-755661232,1>","org/java_websocket/server/WebSocketServer:run:336"
"0","<-755661232,1>","org/java_websocket/server/WebSocketServer:run:337"
"0","<-755661232,1>","org/java_websocket/server/WebSocketServer:run:340"
"0","<-755661232,1>","org/java_websocket/server/WebSocketServer:run:341"
"0","<-755661232,1>","org/java_websocket/server/WebSocketServer:run:343"
"0","<-755661232,1>","org/java_websocket/server/WebSocketServer:run:344"
"0","<-755661232,1>","org/java_websocket/server/WebSocketServer:run:347"
"0","<-755661232,1>","org/java_websocket/server/WebSocketServer:run:348"
"0","<-755661232,1>","org/java_websocket/server/WebSocketServer:run:354"
"0","<-755661232,1>","org/java_websocket/server/WebSocketServer:run:355"
"0","<-755661232,1>","org/java_websocket/server/WebSocketServer:run:359"
"0","<-755661232,1>","org/java_websocket/server/WebSocketServer:run:360"
"0","<-755661232,1>","org/java_websocket/server/WebSocketServer:run:365"
"0","<-755661232,1>","org/java_websocket/server/WebSocketServer:run:366"
"0","<-755661232,1>","org/java_websocket/server/WebSocketServer:run:370"
"0","<-755661232,1>","org/java_websocket/server/WebSocketServer:run:371"
"0","<-755661232,1>","org/java_websocket/WebSocketImpl:<init>:126"
"0","<-755661232,1>","org/java_websocket/WebSocketImpl:<init>:127"
"0","<-755661232,1>","org/java_websocket/WebSocketImpl:<init>:142"
"0","<-755661232,1>","org/java_websocket/WebSocketImpl:<init>:143"
"0","<-755661232,1>","org/java_websocket/server/WebSocketServer:allocateBuffers:489"
"0","<-755661232,1>","org/java_websocket/server/WebSocketServer:allocateBuffers:490"
"0","<-755661232,1>","org/java_websocket/server/WebSocketServer:allocateBuffers:492"
"0","<-755661232,1>","org/java_websocket/server/WebSocketServer:allocateBuffers:493"
"0","<-755661232,1>","org/java_websocket/server/WebSocketServer:createBuffer:502"
"0","<-755661232,1>","org/java_websocket/server/WebSocketServer:createBuffer:503"
"0","<-755661232,1>","org/java_websocket/server/WebSocketServer:allocateBuffers:494"
"0","<-755661232,1>","org/java_websocket/server/WebSocketServer:run:389"
"0","<-755661232,1>","org/java_websocket/server/WebSocketServer:run:390"
"0","<-755661232,1>","org/java_websocket/server/WebSocketServer:run:391"
"0","<-755661232,1>","org/java_websocket/server/WebSocketServer:takeBuffer:514"
"0","<-755661232,1>","org/java_websocket/server/WebSocketServer:takeBuffer:515"
"0","<-755661232,1>","org/java_websocket/server/WebSocketServer:run:402"
"0","<-755661232,1>","org/java_websocket/server/WebSocketServer:run:403"
"0","<-755661232,1>","org/java_websocket/server/WebSocketServer$WebSocketWorker:put:899"
"0","<-755661232,1>","org/java_websocket/server/WebSocketServer$WebSocketWorker:put:900"
"0","<-755661232,1>","org/java_websocket/server/WebSocketServer:run:420"
"0","<-755661232,1>","org/java_websocket/server/WebSocketServer:run:421"
"0","<-755661232,1>","org/java_websocket/server/WebSocketServer:run:345"
"0","<-755661232,1>","org/java_websocket/server/WebSocketServer:run:422"
"0","<-755661232,1>","org/java_websocket/server/WebSocketServer:run:423"
"0","<-755661232,1>","org/java_websocket/server/WebSocketServer:run:424"
"0","<-755661232,1>","org/java_websocket/server/WebSocketServer:run:425"
"0","<-755661232,1>","org/java_websocket/WebSocketImpl:closeConnection:0"
"0","<-755661232,1>","org/java_websocket/WebSocketImpl:closeConnection:492"
"0","<-755661232,1>","org/java_websocket/WebSocketImpl:closeConnection:493"
"0","<-755661232,1>","org/java_websocket/server/WebSocketServer:onWebsocketClose:584"
"0","<-755661232,1>","org/java_websocket/server/WebSocketServer:onWebsocketClose:585"
"0","<-755661232,1>","org/java_websocket/server/WebSocketServer:removeConnection:609"
"0","<-755661232,1>","org/java_websocket/server/WebSocketServer:removeConnection:616"
"0","<-755661232,1>","org/java_websocket/server/WebSocketServer:removeConnection:617"
"0","<-755661232,1>","org/java_websocket/server/WebSocketServer:removeConnection:618"
"0","<-755661232,1>","org/java_websocket/WebSocketImpl:closeConnection:516"
"0","<-755661232,1>","org/java_websocket/server/WebSocketServer:run:472"
"0","<-755661232,1>","org/java_websocket/server/WebSocketServer:run:473"
"0","<301648921,1>","org/java_websocket/client/WebSocketClient:run:0"
"0","<301648921,1>","org/java_websocket/client/WebSocketClient:run:388"
"0","<301648921,1>","org/java_websocket/client/WebSocketClient:run:389"
"0","<301648921,1>","org/java_websocket/drafts/Draft:createHandshake:229"
"0","<301648921,1>","org/java_websocket/drafts/Draft:createHandshake:230"
"0","<301648921,1>","org/java_websocket/drafts/Draft:createHandshake:231"
"0","<301648921,1>","org/java_websocket/WebSocketImpl:write:689"
"0","<301648921,1>","org/java_websocket/WebSocketImpl:write:677"
"0","<301648921,1>","org/java_websocket/WebSocketImpl:write:678"
"0","<301648921,1>","org/java_websocket/WebSocketImpl:write:679"
"0","<301648921,1>","org/java_websocket/WebSocketImpl:write:680"
"0","<301648921,1>","org/java_websocket/WebSocketImpl:write:693"
"0","<301648921,1>","org/java_websocket/client/WebSocketClient:run:411"
"0","<301648921,1>","org/java_websocket/client/WebSocketClient:run:412"
"0","<301648921,1>","org/java_websocket/client/WebSocketClient:run:418"
"0","<301648921,1>","org/java_websocket/client/WebSocketClient:run:419"
"0","<301648921,1>","org/java_websocket/WebSocketImpl:decode:202"
"0","<301648921,1>","org/java_websocket/WebSocketImpl:decode:203"
"0","<301648921,1>","org/java_websocket/drafts/Draft:readLine:65"
"0","<301648921,1>","org/java_websocket/drafts/Draft:readLine:66"
"0","<301648921,1>","org/java_websocket/drafts/Draft:readLine:70"
"0","<301648921,1>","org/java_websocket/drafts/Draft:readLine:71"
"0","<301648921,1>","org/java_websocket/drafts/Draft:readLine:72"
"0","<301648921,1>","org/java_websocket/drafts/Draft:readStringLine:86"
"0","<301648921,1>","org/java_websocket/drafts/Draft:readStringLine:87"
"0","<301648921,1>","org/java_websocket/issues/Issue256Test$2:onOpen:97"
"0","<301648921,1>","org/java_websocket/issues/Issue256Test$2:onOpen:98"
"0","<301648921,1>","org/java_websocket/client/WebSocketClient:onWebsocketOpen:508"
"0","<301648921,1>","org/java_websocket/client/WebSocketClient:onWebsocketOpen:509"
"0","<301648921,1>","org/java_websocket/WebSocketImpl:closeConnection:0"
"0","<301648921,1>","org/java_websocket/client/WebSocketClient:onWebsocketClose:518"
"0","<301648921,1>","org/java_websocket/client/WebSocketClient:onWebsocketClose:519"
"0","<301648921,1>","org/java_websocket/issues/Issue256Test$2:onClose:107"
"0","<301648921,1>","org/java_websocket/issues/Issue256Test$2:onClose:108"
"0","<301648921,1>","org/java_websocket/client/WebSocketClient:onWebsocketClose:520"
"0","<301648921,1>","org/java_websocket/client/WebSocketClient:onWebsocketClose:521"
"0","<301648921,1>","org/java_websocket/client/WebSocketClient:onWebsocketClose:522"
"0","<301648921,1>","org/java_websocket/WebSocketImpl:closeConnection:516"
"0","<-237870710,1>","org/java_websocket/client/WebSocketClient$WebsocketWriteThread:run:0"
"0","<-237870710,1>","org/java_websocket/client/WebSocketClient$WebsocketWriteThread:run:642"
"0","<-237870710,1>","org/java_websocket/client/WebSocketClient$WebsocketWriteThread:run:643"
"0","<-237870710,1>","org/java_websocket/client/WebSocketClient$WebsocketWriteThread:run:645"
"0","<-237870710,1>","org/java_websocket/client/WebSocketClient$WebsocketWriteThread:run:646"
"0","<-237870710,1>","org/java_websocket/client/WebSocketClient$WebsocketWriteThread:run:647"
"0","<-237870710,1>","org/java_websocket/client/WebSocketClient$WebsocketWriteThread:run:648"
"0","<-237870710,1>","org/java_websocket/client/WebSocketClient$WebsocketWriteThread:run:649"
"0","<-237870710,1>","org/java_websocket/client/WebSocketClient$WebsocketWriteThread:run:655"
"0","<-237870710,1>","org/java_websocket/client/WebSocketClient$WebsocketWriteThread:run:656"
"0","<-1708101337,1>","org/java_websocket/client/WebSocketClient:run:0"
"0","<-1708101337,1>","org/java_websocket/client/WebSocketClient:run:388"
"0","<-1708101337,1>","org/java_websocket/client/WebSocketClient:run:389"
"0","<-1708101337,1>","org/java_websocket/drafts/Draft:createHandshake:229"
"0","<-1708101337,1>","org/java_websocket/drafts/Draft:createHandshake:230"
"0","<-1708101337,1>","org/java_websocket/drafts/Draft:createHandshake:231"
"0","<-1708101337,1>","org/java_websocket/WebSocketImpl:write:689"
"0","<-1708101337,1>","org/java_websocket/WebSocketImpl:write:677"
"0","<-1708101337,1>","org/java_websocket/WebSocketImpl:write:678"
"0","<-1708101337,1>","org/java_websocket/WebSocketImpl:write:679"
"0","<-1708101337,1>","org/java_websocket/WebSocketImpl:write:680"
"0","<-1708101337,1>","org/java_websocket/WebSocketImpl:write:693"
"0","<-1708101337,1>","org/java_websocket/client/WebSocketClient:run:411"
"0","<-1708101337,1>","org/java_websocket/client/WebSocketClient:run:412"
"0","<-1708101337,1>","org/java_websocket/client/WebSocketClient:run:418"
"0","<-1708101337,1>","org/java_websocket/client/WebSocketClient:run:419"
"0","<-1708101337,1>","org/java_websocket/WebSocketImpl:decode:202"
"0","<-1708101337,1>","org/java_websocket/WebSocketImpl:decode:203"
"0","<-1708101337,1>","org/java_websocket/drafts/Draft:readLine:65"
"0","<-1708101337,1>","org/java_websocket/drafts/Draft:readLine:66"
"0","<-1708101337,1>","org/java_websocket/drafts/Draft:readLine:70"
"0","<-1708101337,1>","org/java_websocket/drafts/Draft:readLine:71"
"0","<-1708101337,1>","org/java_websocket/drafts/Draft:readLine:72"
"0","<-1708101337,1>","org/java_websocket/drafts/Draft:readStringLine:86"
"0","<-1708101337,1>","org/java_websocket/drafts/Draft:readStringLine:87"
"0","<-1708101337,1>","org/java_websocket/issues/Issue256Test$2:onOpen:97"
"0","<-1708101337,1>","org/java_websocket/issues/Issue256Test$2:onOpen:98"
"0","<-1708101337,1>","org/java_websocket/client/WebSocketClient:onWebsocketOpen:508"
"0","<-1708101337,1>","org/java_websocket/client/WebSocketClient:onWebsocketOpen:509"
"0","<-1708101337,1>","org/java_websocket/WebSocketImpl:closeConnection:0"
"0","<-1708101337,1>","org/java_websocket/client/WebSocketClient:onWebsocketClose:518"
"0","<-1708101337,1>","org/java_websocket/client/WebSocketClient:onWebsocketClose:519"
"0","<-1708101337,1>","org/java_websocket/issues/Issue256Test$2:onClose:107"
"0","<-1708101337,1>","org/java_websocket/issues/Issue256Test$2:onClose:108"
"0","<-1708101337,1>","org/java_websocket/client/WebSocketClient:onWebsocketClose:520"
"0","<-1708101337,1>","org/java_websocket/client/WebSocketClient:onWebsocketClose:521"
"0","<-1708101337,1>","org/java_websocket/client/WebSocketClient:onWebsocketClose:522"
"0","<-1708101337,1>","org/java_websocket/WebSocketImpl:closeConnection:516"
"0","<-237870710,2>","org/java_websocket/client/WebSocketClient$WebsocketWriteThread:run:0"
"0","<-237870710,2>","org/java_websocket/client/WebSocketClient$WebsocketWriteThread:run:642"
"0","<-237870710,2>","org/java_websocket/client/WebSocketClient$WebsocketWriteThread:run:643"
"0","<-237870710,2>","org/java_websocket/client/WebSocketClient$WebsocketWriteThread:run:645"
"0","<-237870710,2>","org/java_websocket/client/WebSocketClient$WebsocketWriteThread:run:646"
"0","<-237870710,2>","org/java_websocket/client/WebSocketClient$WebsocketWriteThread:run:647"
"0","<-237870710,2>","org/java_websocket/client/WebSocketClient$WebsocketWriteThread:run:648"
"0","<-237870710,2>","org/java_websocket/client/WebSocketClient$WebsocketWriteThread:run:649"
"0","<-237870710,2>","org/java_websocket/client/WebSocketClient$WebsocketWriteThread:run:655"
"0","<-237870710,2>","org/java_websocket/client/WebSocketClient$WebsocketWriteThread:run:656"
"1","<main>","org/java_websocket/util/SocketUtil:getAvailablePort:38"
"1","<main>","org/java_websocket/util/SocketUtil:getAvailablePort:39"
"1","<main>","org/slf4j/LoggerFactory:getILoggerFactory:409"
"1","<main>","org/slf4j/impl/SimpleLogger:<clinit>:147"
"1","<main>","org/slf4j/impl/SimpleLogger:<clinit>:148"
"1","<main>","org/slf4j/impl/SimpleLoggerConfiguration$1:run:102"
"1","<main>","org/slf4j/impl/SimpleLoggerConfiguration$1:run:103"
"1","<main>","org/slf4j/LoggerFactory:fixSubstituteLoggers:184"
"1","<main>","org/slf4j/LoggerFactory:fixSubstituteLoggers:190"
"1","<main>","org/slf4j/LoggerFactory:replayEvents:201"
"1","<main>","org/slf4j/LoggerFactory:replayEvents:202"
"1","<main>","org/slf4j/LoggerFactory:replayEvents:206"
"1","<main>","org/slf4j/LoggerFactory:replayEvents:207"
"1","<main>","org/slf4j/helpers/SubstituteLoggerFactory:clear:78"
"1","<main>","org/slf4j/helpers/SubstituteLoggerFactory:clear:79"
"1","<main>","org/slf4j/LoggerFactory:getILoggerFactory:414"
"1","<main>","org/slf4j/impl/SimpleLoggerFactory:getLogger:57"
"1","<main>","org/slf4j/impl/SimpleLoggerFactory:getLogger:58"
"1","<main>","org/java_websocket/server/WebSocketServer:start:231"
"1","<main>","org/java_websocket/server/WebSocketServer:start:232"
"1","<main>","org/java_websocket/util/ThreadCheck:getThreadMap:76"
"1","<main>","org/java_websocket/util/ThreadCheck:getThreadMap:77"
"1","<main>","org/java_websocket/util/ThreadCheck:getThreadMap:78"
"1","<main>","org/java_websocket/util/ThreadCheck:getThreadMap:79"
"1","<main>","org/java_websocket/util/ThreadCheck:getThreadMap:80"
"1","<main>","org/java_websocket/WebSocketImpl:<init>:126"
"1","<main>","org/java_websocket/WebSocketImpl:<init>:127"
"1","<main>","org/java_websocket/WebSocketImpl:<init>:142"
"1","<main>","org/java_websocket/WebSocketImpl:<init>:143"
"1","<main>","org/java_websocket/client/WebSocketClient:connect:284"
"1","<main>","org/java_websocket/client/WebSocketClient:connect:285"
"1","<main>","org/java_websocket/client/WebSocketClient:connect:286"
"1","<main>","org/java_websocket/client/WebSocketClient:connectBlocking:295"
"1","<main>","org/java_websocket/client/WebSocketClient:connectBlocking:296"
"1","<main>","org/java_websocket/WebSocketImpl:close:0"
"1","<main>","org/java_websocket/util/ByteBufferUtils:getEmptyByteBuffer:71"
"1","<main>","org/java_websocket/util/ByteBufferUtils:getEmptyByteBuffer:72"
"1","<main>","org/java_websocket/framing/CloseFrame:updatePayload:293"
"1","<main>","org/java_websocket/framing/CloseFrame:updatePayload:294"
"1","<main>","org/java_websocket/framing/CloseFrame:updatePayload:295"
"1","<main>","org/java_websocket/framing/CloseFrame:updatePayload:296"
"1","<main>","org/java_websocket/framing/CloseFrame:updatePayload:297"
"1","<main>","org/java_websocket/framing/CloseFrame:updatePayload:298"
"1","<main>","org/java_websocket/framing/CloseFrame:updatePayload:299"
"1","<main>","org/java_websocket/drafts/Draft_6455:createBinaryFrame:346"
"1","<main>","org/java_websocket/drafts/Draft_6455:createBinaryFrame:347"
"1","<main>","org/java_websocket/drafts/Draft_6455:createByteBufferFromFramedata:354"
"1","<main>","org/java_websocket/drafts/Draft_6455:createByteBufferFromFramedata:355"
"1","<main>","org/java_websocket/drafts/Draft_6455:createByteBufferFromFramedata:358"
"1","<main>","org/java_websocket/drafts/Draft_6455:createByteBufferFromFramedata:359"
"1","<main>","org/java_websocket/drafts/Draft_6455:createByteBufferFromFramedata:363"
"1","<main>","org/java_websocket/drafts/Draft_6455:createByteBufferFromFramedata:364"
"1","<main>","org/java_websocket/drafts/Draft_6455:createByteBufferFromFramedata:374"
"1","<main>","org/java_websocket/drafts/Draft_6455:createByteBufferFromFramedata:375"
"1","<main>","org/java_websocket/drafts/Draft_6455:createByteBufferFromFramedata:376"
"1","<main>","org/java_websocket/drafts/Draft_6455:createByteBufferFromFramedata:377"
"1","<main>","org/java_websocket/drafts/Draft_6455:createByteBufferFromFramedata:378"
"1","<main>","org/java_websocket/drafts/Draft_6455:createByteBufferFromFramedata:379"
"1","<main>","org/java_websocket/WebSocketImpl:write:689"
"1","<main>","org/java_websocket/WebSocketImpl:write:677"
"1","<main>","org/java_websocket/WebSocketImpl:write:678"
"1","<main>","org/java_websocket/WebSocketImpl:write:679"
"1","<main>","org/java_websocket/WebSocketImpl:write:680"
"1","<main>","org/java_websocket/WebSocketImpl:write:693"
"1","<main>","org/java_websocket/WebSocketImpl:flushAndClose:0"
"1","<main>","org/java_websocket/WebSocketImpl:flushAndClose:553"
"1","<main>","org/java_websocket/WebSocketImpl:close:460"
"1","<main>","org/java_websocket/client/WebSocketClient:closeBlocking:328"
"1","<main>","org/java_websocket/client/WebSocketClient:closeBlocking:329"
"1","<main>","org/java_websocket/issues/Issue256Test:runTestScenarioReconnect:123"
"1","<main>","org/java_websocket/issues/Issue256Test:runTestScenarioReconnect:124"
"1","<main>","org/java_websocket/client/WebSocketClient:reset:248"
"1","<main>","org/java_websocket/client/WebSocketClient:reset:249"
"1","<main>","org/java_websocket/util/ThreadCheck:after:44"
"1","<main>","org/java_websocket/util/ThreadCheck:after:45"
"1","<main>","org/java_websocket/util/ThreadCheck:after:46"
"1","<main>","org/java_websocket/util/ThreadCheck:after:47"
"1","<main>","org/java_websocket/util/ThreadCheck:checkZombies:57"
"1","<main>","org/java_websocket/util/ThreadCheck:checkZombies:58"
"1","<main>","org/java_websocket/server/WebSocketServer:stop:247"
"1","<main>","org/java_websocket/server/WebSocketServer:stop:248"
"1","<main>","org/java_websocket/server/WebSocketServer:stop:254"
"1","<main>","org/java_websocket/server/WebSocketServer:stop:256"
"1","<main>","org/java_websocket/server/WebSocketServer:stop:264"
"1","<main>","org/java_websocket/server/WebSocketServer:stop:266"
"1","<main>","org/java_websocket/server/WebSocketServer:stop:267"
"1","<main>","org/java_websocket/server/WebSocketServer:stop:268"
"1","<main>","org/java_websocket/server/WebSocketServer:stop:269"
"1","<main>","org/java_websocket/WebSocketImpl:close:462"
"1","<main>","org/java_websocket/client/WebSocketClient:reset:255"
"1","<main>","org/java_websocket/client/WebSocketClient:reset:256"
"1","<-746895182,1>","org/java_websocket/server/WebSocketServer$WebSocketWorker:run:0"
"1","<-746895182,1>","org/java_websocket/server/WebSocketServer$WebSocketWorker:run:908"
"1","<-746895182,1>","org/java_websocket/server/WebSocketServer$WebSocketWorker:run:909"
"1","<-746895182,1>","org/java_websocket/WebSocketImpl:decode:202"
"1","<-746895182,1>","org/java_websocket/WebSocketImpl:decode:203"
"1","<-746895182,1>","org/java_websocket/drafts/Draft:readLine:65"
"1","<-746895182,1>","org/java_websocket/drafts/Draft:readLine:66"
"1","<-746895182,1>","org/java_websocket/drafts/Draft:readLine:70"
"1","<-746895182,1>","org/java_websocket/drafts/Draft:readLine:71"
"1","<-746895182,1>","org/java_websocket/drafts/Draft:readLine:72"
"1","<-746895182,1>","org/java_websocket/drafts/Draft:readStringLine:86"
"1","<-746895182,1>","org/java_websocket/drafts/Draft:readStringLine:87"
"1","<-746895182,1>","org/java_websocket/drafts/Draft:createHandshake:229"
"1","<-746895182,1>","org/java_websocket/drafts/Draft:createHandshake:230"
"1","<-746895182,1>","org/java_websocket/drafts/Draft:createHandshake:231"
"1","<-746895182,1>","org/java_websocket/WebSocketImpl:write:689"
"1","<-746895182,1>","org/java_websocket/WebSocketImpl:write:677"
"1","<-746895182,1>","org/java_websocket/WebSocketImpl:write:678"
"1","<-746895182,1>","org/java_websocket/WebSocketImpl:write:679"
"1","<-746895182,1>","org/java_websocket/WebSocketImpl:write:680"
"1","<-746895182,1>","org/java_websocket/server/WebSocketServer:onWriteDemand:655"
"1","<-746895182,1>","org/java_websocket/server/WebSocketServer:onWriteDemand:656"
"1","<-746895182,1>","org/java_websocket/server/WebSocketServer:onWriteDemand:660"
"1","<-746895182,1>","org/java_websocket/server/WebSocketServer:onWriteDemand:661"
"1","<-746895182,1>","org/java_websocket/WebSocketImpl:write:693"
"1","<-746895182,1>","org/java_websocket/server/WebSocketServer:addConnection:633"
"1","<-746895182,1>","org/java_websocket/server/WebSocketServer:addConnection:634"
"1","<-746895182,1>","org/java_websocket/server/WebSocketServer:addConnection:637"
"1","<-746895182,1>","org/java_websocket/server/WebSocketServer:pushBuffer:518"
"1","<-746895182,1>","org/java_websocket/server/WebSocketServer:pushBuffer:519"
"1","<-746895182,1>","org/java_websocket/server/WebSocketServer:pushBuffer:520"
"1","<-746895182,1>","org/java_websocket/server/WebSocketServer:pushBuffer:521"
"1","<-746895182,1>","org/java_websocket/drafts/Draft_6455:translateSingleFrame:397"
"1","<-746895182,1>","org/java_websocket/drafts/Draft_6455:translateSingleFrame:398"
"1","<-746895182,1>","org/java_websocket/drafts/Draft_6455:translateSingleFrame:411"
"1","<-746895182,1>","org/java_websocket/drafts/Draft_6455:translateSingleFrame:412"
"1","<-746895182,1>","org/java_websocket/drafts/Draft_6455:translateSingleFrame:460"
"1","<-746895182,1>","org/java_websocket/drafts/Draft_6455:translateSingleFrame:461"
"1","<-746895182,1>","org/java_websocket/drafts/Draft_6455:translateSingleFrame:463"
"1","<-746895182,1>","org/java_websocket/drafts/Draft_6455:translateSingleFrame:464"
"1","<-746895182,1>","org/java_websocket/drafts/Draft_6455:translateSingleFrame:465"
"1","<-746895182,1>","org/java_websocket/drafts/Draft_6455:translateSingleFrame:466"
"1","<-746895182,1>","org/java_websocket/util/ByteBufferUtils:getEmptyByteBuffer:71"
"1","<-746895182,1>","org/java_websocket/util/ByteBufferUtils:getEmptyByteBuffer:72"
"1","<-746895182,1>","org/java_websocket/framing/CloseFrame:updatePayload:293"
"1","<-746895182,1>","org/java_websocket/framing/CloseFrame:updatePayload:294"
"1","<-746895182,1>","org/java_websocket/framing/CloseFrame:updatePayload:295"
"1","<-746895182,1>","org/java_websocket/framing/CloseFrame:updatePayload:296"
"1","<-746895182,1>","org/java_websocket/framing/CloseFrame:updatePayload:297"
"1","<-746895182,1>","org/java_websocket/framing/CloseFrame:updatePayload:298"
"1","<-746895182,1>","org/java_websocket/framing/CloseFrame:updatePayload:299"
"1","<-746895182,1>","org/java_websocket/framing/CloseFrame:setPayload:264"
"1","<-746895182,1>","org/java_websocket/framing/CloseFrame:setPayload:265"
"1","<-746895182,1>","org/java_websocket/framing/CloseFrame:setPayload:266"
"1","<-746895182,1>","org/java_websocket/framing/CloseFrame:setPayload:267"
"1","<-746895182,1>","org/java_websocket/framing/CloseFrame:setPayload:268"
"1","<-746895182,1>","org/java_websocket/framing/CloseFrame:setPayload:269"
"1","<-746895182,1>","org/java_websocket/util/Charsetfunctions:stringUtf8:93"
"1","<-746895182,1>","org/java_websocket/util/Charsetfunctions:stringUtf8:94"
"1","<-746895182,1>","org/java_websocket/drafts/Draft_6455:translateSingleFrame:481"
"1","<-746895182,1>","org/java_websocket/drafts/Draft_6455:translateSingleFrame:482"
"1","<-746895182,1>","org/java_websocket/WebSocketImpl:close:0"
"1","<-746895182,1>","org/java_websocket/drafts/Draft_6455:createBinaryFrame:346"
"1","<-746895182,1>","org/java_websocket/drafts/Draft_6455:createBinaryFrame:347"
"1","<-746895182,1>","org/java_websocket/drafts/Draft_6455:createByteBufferFromFramedata:354"
"1","<-746895182,1>","org/java_websocket/drafts/Draft_6455:createByteBufferFromFramedata:355"
"1","<-746895182,1>","org/java_websocket/drafts/Draft_6455:createByteBufferFromFramedata:358"
"1","<-746895182,1>","org/java_websocket/drafts/Draft_6455:createByteBufferFromFramedata:359"
"1","<-746895182,1>","org/java_websocket/drafts/Draft_6455:createByteBufferFromFramedata:363"
"1","<-746895182,1>","org/java_websocket/drafts/Draft_6455:createByteBufferFromFramedata:364"
"1","<-746895182,1>","org/java_websocket/drafts/Draft_6455:createByteBufferFromFramedata:381"
"1","<-746895182,1>","org/java_websocket/drafts/Draft_6455:createByteBufferFromFramedata:382"
"1","<-746895182,1>","org/java_websocket/WebSocketImpl:flushAndClose:0"
"1","<-746895182,1>","org/java_websocket/WebSocketImpl:flushAndClose:553"
"1","<-746895182,1>","org/java_websocket/WebSocketImpl:close:460"
"1","<-746895182,1>","org/java_websocket/server/WebSocketServer$WebSocketWorker:run:922"
"1","<-746895182,1>","org/java_websocket/server/WebSocketServer$WebSocketWorker:run:923"
"1","<-746895182,2>","org/java_websocket/server/WebSocketServer$WebSocketWorker:run:0"
"1","<-746895182,2>","org/java_websocket/server/WebSocketServer$WebSocketWorker:run:908"
"1","<-746895182,2>","org/java_websocket/server/WebSocketServer$WebSocketWorker:run:909"
"1","<-746895182,2>","org/java_websocket/WebSocketImpl:decode:202"
"1","<-746895182,2>","org/java_websocket/WebSocketImpl:decode:203"
"1","<-746895182,2>","org/java_websocket/drafts/Draft:readLine:65"
"1","<-746895182,2>","org/java_websocket/drafts/Draft:readLine:66"
"1","<-746895182,2>","org/java_websocket/drafts/Draft:readLine:70"
"1","<-746895182,2>","org/java_websocket/drafts/Draft:readLine:71"
"1","<-746895182,2>","org/java_websocket/drafts/Draft:readLine:72"
"1","<-746895182,2>","org/java_websocket/drafts/Draft:readStringLine:86"
"1","<-746895182,2>","org/java_websocket/drafts/Draft:readStringLine:87"
"1","<-746895182,2>","org/java_websocket/drafts/Draft:createHandshake:229"
"1","<-746895182,2>","org/java_websocket/drafts/Draft:createHandshake:230"
"1","<-746895182,2>","org/java_websocket/drafts/Draft:createHandshake:231"
"1","<-746895182,2>","org/java_websocket/WebSocketImpl:write:689"
"1","<-746895182,2>","org/java_websocket/WebSocketImpl:write:677"
"1","<-746895182,2>","org/java_websocket/WebSocketImpl:write:678"
"1","<-746895182,2>","org/java_websocket/WebSocketImpl:write:679"
"1","<-746895182,2>","org/java_websocket/WebSocketImpl:write:680"
"1","<-746895182,2>","org/java_websocket/server/WebSocketServer:onWriteDemand:655"
"1","<-746895182,2>","org/java_websocket/server/WebSocketServer:onWriteDemand:656"
"1","<-746895182,2>","org/java_websocket/server/WebSocketServer:onWriteDemand:660"
"1","<-746895182,2>","org/java_websocket/server/WebSocketServer:onWriteDemand:661"
"1","<-746895182,2>","org/java_websocket/WebSocketImpl:write:693"
"1","<-746895182,2>","org/java_websocket/server/WebSocketServer:addConnection:633"
"1","<-746895182,2>","org/java_websocket/server/WebSocketServer:addConnection:634"
"1","<-746895182,2>","org/java_websocket/server/WebSocketServer:addConnection:637"
"1","<-746895182,2>","org/java_websocket/server/WebSocketServer:pushBuffer:518"
"1","<-746895182,2>","org/java_websocket/server/WebSocketServer:pushBuffer:519"
"1","<-746895182,2>","org/java_websocket/server/WebSocketServer:pushBuffer:520"
"1","<-746895182,2>","org/java_websocket/server/WebSocketServer:pushBuffer:521"
"1","<-746895182,2>","org/java_websocket/drafts/Draft_6455:translateSingleFrame:397"
"1","<-746895182,2>","org/java_websocket/drafts/Draft_6455:translateSingleFrame:398"
"1","<-746895182,2>","org/java_websocket/drafts/Draft_6455:translateSingleFrame:411"
"1","<-746895182,2>","org/java_websocket/drafts/Draft_6455:translateSingleFrame:412"
"1","<-746895182,2>","org/java_websocket/drafts/Draft_6455:translateSingleFrame:460"
"1","<-746895182,2>","org/java_websocket/drafts/Draft_6455:translateSingleFrame:461"
"1","<-746895182,2>","org/java_websocket/drafts/Draft_6455:translateSingleFrame:463"
"1","<-746895182,2>","org/java_websocket/drafts/Draft_6455:translateSingleFrame:464"
"1","<-746895182,2>","org/java_websocket/drafts/Draft_6455:translateSingleFrame:465"
"1","<-746895182,2>","org/java_websocket/drafts/Draft_6455:translateSingleFrame:466"
"1","<-746895182,2>","org/java_websocket/util/ByteBufferUtils:getEmptyByteBuffer:71"
"1","<-746895182,2>","org/java_websocket/util/ByteBufferUtils:getEmptyByteBuffer:72"
"1","<-746895182,2>","org/java_websocket/framing/CloseFrame:updatePayload:293"
"1","<-746895182,2>","org/java_websocket/framing/CloseFrame:updatePayload:294"
"1","<-746895182,2>","org/java_websocket/framing/CloseFrame:updatePayload:295"
"1","<-746895182,2>","org/java_websocket/framing/CloseFrame:updatePayload:296"
"1","<-746895182,2>","org/java_websocket/framing/CloseFrame:updatePayload:297"
"1","<-746895182,2>","org/java_websocket/framing/CloseFrame:updatePayload:298"
"1","<-746895182,2>","org/java_websocket/framing/CloseFrame:updatePayload:299"
"1","<-746895182,2>","org/java_websocket/framing/CloseFrame:setPayload:264"
"1","<-746895182,2>","org/java_websocket/framing/CloseFrame:setPayload:265"
"1","<-746895182,2>","org/java_websocket/framing/CloseFrame:setPayload:266"
"1","<-746895182,2>","org/java_websocket/framing/CloseFrame:setPayload:267"
"1","<-746895182,2>","org/java_websocket/framing/CloseFrame:setPayload:268"
"1","<-746895182,2>","org/java_websocket/framing/CloseFrame:setPayload:269"
"1","<-746895182,2>","org/java_websocket/util/Charsetfunctions:stringUtf8:93"
"1","<-746895182,2>","org/java_websocket/util/Charsetfunctions:stringUtf8:94"
"1","<-746895182,2>","org/java_websocket/drafts/Draft_6455:translateSingleFrame:481"
"1","<-746895182,2>","org/java_websocket/drafts/Draft_6455:translateSingleFrame:482"
"1","<-746895182,2>","org/java_websocket/WebSocketImpl:close:0"
"1","<-746895182,2>","org/java_websocket/drafts/Draft_6455:createBinaryFrame:346"
"1","<-746895182,2>","org/java_websocket/drafts/Draft_6455:createBinaryFrame:347"
"1","<-746895182,2>","org/java_websocket/drafts/Draft_6455:createByteBufferFromFramedata:354"
"1","<-746895182,2>","org/java_websocket/drafts/Draft_6455:createByteBufferFromFramedata:355"
"1","<-746895182,2>","org/java_websocket/drafts/Draft_6455:createByteBufferFromFramedata:358"
"1","<-746895182,2>","org/java_websocket/drafts/Draft_6455:createByteBufferFromFramedata:359"
"1","<-746895182,2>","org/java_websocket/drafts/Draft_6455:createByteBufferFromFramedata:363"
"1","<-746895182,2>","org/java_websocket/drafts/Draft_6455:createByteBufferFromFramedata:364"
"1","<-746895182,2>","org/java_websocket/drafts/Draft_6455:createByteBufferFromFramedata:381"
"1","<-746895182,2>","org/java_websocket/drafts/Draft_6455:createByteBufferFromFramedata:382"
"1","<-746895182,2>","org/java_websocket/WebSocketImpl:flushAndClose:0"
"1","<-746895182,2>","org/java_websocket/WebSocketImpl:flushAndClose:553"
"1","<-746895182,2>","org/java_websocket/WebSocketImpl:close:460"
"1","<-746895182,2>","org/java_websocket/server/WebSocketServer$WebSocketWorker:run:922"
"1","<-746895182,2>","org/java_websocket/server/WebSocketServer$WebSocketWorker:run:923"
"1","<-746895182,3>","org/java_websocket/server/WebSocketServer$WebSocketWorker:run:0"
"1","<-746895182,3>","org/java_websocket/server/WebSocketServer$WebSocketWorker:run:908"
"1","<-746895182,3>","org/java_websocket/server/WebSocketServer$WebSocketWorker:run:922"
"1","<-746895182,3>","org/java_websocket/server/WebSocketServer$WebSocketWorker:run:923"
"1","<-746895182,4>","org/java_websocket/server/WebSocketServer$WebSocketWorker:run:0"
"1","<-746895182,4>","org/java_websocket/server/WebSocketServer$WebSocketWorker:run:908"
"1","<-746895182,4>","org/java_websocket/server/WebSocketServer$WebSocketWorker:run:922"
"1","<-746895182,4>","org/java_websocket/server/WebSocketServer$WebSocketWorker:run:923"
"1","<-746895182,0>","org/java_websocket/server/WebSocketServer$WebSocketWorker:run:0"
"1","<-746895182,0>","org/java_websocket/server/WebSocketServer$WebSocketWorker:run:908"
"1","<-746895182,0>","org/java_websocket/server/WebSocketServer$WebSocketWorker:run:923"
"1","<-746895182,0>","org/java_websocket/server/WebSocketServer$WebSocketWorker:run:922"
"1","<-755661232,1>","org/java_websocket/server/WebSocketServer:run:0"
"1","<-755661232,1>","org/java_websocket/server/WebSocketServer:run:309"
"1","<-755661232,1>","org/java_websocket/server/WebSocketServer:run:312"
"1","<-755661232,1>","org/java_websocket/server/WebSocketServer:run:313"
"1","<-755661232,1>","org/java_websocket/server/WebSocketServer:run:314"
"1","<-755661232,1>","org/java_websocket/server/WebSocketServer:run:316"
"1","<-755661232,1>","org/java_websocket/server/WebSocketServer:run:317"
"1","<-755661232,1>","org/java_websocket/server/WebSocketServer:run:318"
"1","<-755661232,1>","org/java_websocket/server/WebSocketServer:run:319"
"1","<-755661232,1>","org/java_websocket/server/WebSocketServer:run:320"
"1","<-755661232,1>","org/java_websocket/server/WebSocketServer:run:321"
"1","<-755661232,1>","org/java_websocket/server/WebSocketServer:run:322"
"1","<-755661232,1>","org/java_websocket/server/WebSocketServer:run:324"
"1","<-755661232,1>","org/java_websocket/server/WebSocketServer:run:325"
"1","<-755661232,1>","org/java_websocket/server/WebSocketServer:run:326"
"1","<-755661232,1>","org/java_websocket/server/WebSocketServer:run:327"
"1","<-755661232,1>","org/java_websocket/issues/Issue256Test$1:onStart:84"
"1","<-755661232,1>","org/java_websocket/issues/Issue256Test$1:onStart:85"
"1","<-755661232,1>","org/java_websocket/server/WebSocketServer:run:336"
"1","<-755661232,1>","org/java_websocket/server/WebSocketServer:run:337"
"1","<-755661232,1>","org/java_websocket/server/WebSocketServer:run:340"
"1","<-755661232,1>","org/java_websocket/server/WebSocketServer:run:341"
"1","<-755661232,1>","org/java_websocket/server/WebSocketServer:run:343"
"1","<-755661232,1>","org/java_websocket/server/WebSocketServer:run:344"
"1","<-755661232,1>","org/java_websocket/server/WebSocketServer:run:347"
"1","<-755661232,1>","org/java_websocket/server/WebSocketServer:run:348"
"1","<-755661232,1>","org/java_websocket/server/WebSocketServer:run:354"
"1","<-755661232,1>","org/java_websocket/server/WebSocketServer:run:355"
"1","<-755661232,1>","org/java_websocket/server/WebSocketServer:run:359"
"1","<-755661232,1>","org/java_websocket/server/WebSocketServer:run:360"
"1","<-755661232,1>","org/java_websocket/server/WebSocketServer:run:365"
"1","<-755661232,1>","org/java_websocket/server/WebSocketServer:run:366"
"1","<-755661232,1>","org/java_websocket/server/WebSocketServer:run:370"
"1","<-755661232,1>","org/java_websocket/server/WebSocketServer:run:371"
"1","<-755661232,1>","org/java_websocket/WebSocketImpl:<init>:126"
"1","<-755661232,1>","org/java_websocket/WebSocketImpl:<init>:127"
"1","<-755661232,1>","org/java_websocket/WebSocketImpl:<init>:142"
"1","<-755661232,1>","org/java_websocket/WebSocketImpl:<init>:143"
"1","<-755661232,1>","org/java_websocket/server/WebSocketServer:allocateBuffers:489"
"1","<-755661232,1>","org/java_websocket/server/WebSocketServer:allocateBuffers:490"
"1","<-755661232,1>","org/java_websocket/server/WebSocketServer:allocateBuffers:492"
"1","<-755661232,1>","org/java_websocket/server/WebSocketServer:allocateBuffers:493"
"1","<-755661232,1>","org/java_websocket/server/WebSocketServer:createBuffer:502"
"1","<-755661232,1>","org/java_websocket/server/WebSocketServer:createBuffer:503"
"1","<-755661232,1>","org/java_websocket/server/WebSocketServer:allocateBuffers:494"
"1","<-755661232,1>","org/java_websocket/server/WebSocketServer:run:389"
"1","<-755661232,1>","org/java_websocket/server/WebSocketServer:run:390"
"1","<-755661232,1>","org/java_websocket/server/WebSocketServer:run:391"
"1","<-755661232,1>","org/java_websocket/server/WebSocketServer:takeBuffer:514"
"1","<-755661232,1>","org/java_websocket/server/WebSocketServer:takeBuffer:515"
"1","<-755661232,1>","org/java_websocket/server/WebSocketServer:run:402"
"1","<-755661232,1>","org/java_websocket/server/WebSocketServer:run:403"
"1","<-755661232,1>","org/java_websocket/server/WebSocketServer$WebSocketWorker:put:899"
"1","<-755661232,1>","org/java_websocket/server/WebSocketServer$WebSocketWorker:put:900"
"1","<-755661232,1>","org/java_websocket/server/WebSocketServer:run:420"
"1","<-755661232,1>","org/java_websocket/server/WebSocketServer:run:421"
"1","<-755661232,1>","org/java_websocket/server/WebSocketServer:run:345"
"1","<-755661232,1>","org/java_websocket/server/WebSocketServer:run:422"
"1","<-755661232,1>","org/java_websocket/server/WebSocketServer:run:423"
"1","<-755661232,1>","org/java_websocket/server/WebSocketServer:run:424"
"1","<-755661232,1>","org/java_websocket/server/WebSocketServer:run:425"
"1","<-755661232,1>","org/java_websocket/WebSocketImpl:closeConnection:0"
"1","<-755661232,1>","org/java_websocket/WebSocketImpl:closeConnection:492"
"1","<-755661232,1>","org/java_websocket/WebSocketImpl:closeConnection:493"
"1","<-755661232,1>","org/java_websocket/server/WebSocketServer:onWebsocketClose:584"
"1","<-755661232,1>","org/java_websocket/server/WebSocketServer:onWebsocketClose:585"
"1","<-755661232,1>","org/java_websocket/server/WebSocketServer:removeConnection:609"
"1","<-755661232,1>","org/java_websocket/server/WebSocketServer:removeConnection:616"
"1","<-755661232,1>","org/java_websocket/server/WebSocketServer:removeConnection:617"
"1","<-755661232,1>","org/java_websocket/server/WebSocketServer:removeConnection:618"
"1","<-755661232,1>","org/java_websocket/WebSocketImpl:closeConnection:516"
"1","<-755661232,1>","org/java_websocket/server/WebSocketServer:run:472"
"1","<-755661232,1>","org/java_websocket/server/WebSocketServer:run:473"
"1","<301648921,1>","org/java_websocket/client/WebSocketClient:run:0"
"1","<301648921,1>","org/java_websocket/client/WebSocketClient:run:388"
"1","<301648921,1>","org/java_websocket/client/WebSocketClient:run:389"
"1","<301648921,1>","org/java_websocket/drafts/Draft:createHandshake:229"
"1","<301648921,1>","org/java_websocket/drafts/Draft:createHandshake:230"
"1","<301648921,1>","org/java_websocket/drafts/Draft:createHandshake:231"
"1","<301648921,1>","org/java_websocket/WebSocketImpl:write:689"
"1","<301648921,1>","org/java_websocket/WebSocketImpl:write:677"
"1","<301648921,1>","org/java_websocket/WebSocketImpl:write:678"
"1","<301648921,1>","org/java_websocket/WebSocketImpl:write:679"
"1","<301648921,1>","org/java_websocket/WebSocketImpl:write:680"
"1","<301648921,1>","org/java_websocket/WebSocketImpl:write:693"
"1","<301648921,1>","org/java_websocket/client/WebSocketClient:run:411"
"1","<301648921,1>","org/java_websocket/client/WebSocketClient:run:412"
"1","<301648921,1>","org/java_websocket/client/WebSocketClient:run:418"
"1","<301648921,1>","org/java_websocket/client/WebSocketClient:run:419"
"1","<301648921,1>","org/java_websocket/WebSocketImpl:decode:202"
"1","<301648921,1>","org/java_websocket/WebSocketImpl:decode:203"
"1","<301648921,1>","org/java_websocket/drafts/Draft:readLine:65"
"1","<301648921,1>","org/java_websocket/drafts/Draft:readLine:66"
"1","<301648921,1>","org/java_websocket/drafts/Draft:readLine:70"
"1","<301648921,1>","org/java_websocket/drafts/Draft:readLine:71"
"1","<301648921,1>","org/java_websocket/drafts/Draft:readLine:72"
"1","<301648921,1>","org/java_websocket/drafts/Draft:readStringLine:86"
"1","<301648921,1>","org/java_websocket/drafts/Draft:readStringLine:87"
"1","<301648921,1>","org/java_websocket/issues/Issue256Test$2:onOpen:97"
"1","<301648921,1>","org/java_websocket/issues/Issue256Test$2:onOpen:98"
"1","<301648921,1>","org/java_websocket/client/WebSocketClient:onWebsocketOpen:508"
"1","<301648921,1>","org/java_websocket/client/WebSocketClient:onWebsocketOpen:509"
"1","<301648921,1>","org/java_websocket/WebSocketImpl:closeConnection:0"
"1","<301648921,1>","org/java_websocket/client/WebSocketClient:onWebsocketClose:518"
"1","<301648921,1>","org/java_websocket/client/WebSocketClient:onWebsocketClose:519"
"1","<301648921,1>","org/java_websocket/issues/Issue256Test$2:onClose:107"
"1","<301648921,1>","org/java_websocket/issues/Issue256Test$2:onClose:108"
"1","<301648921,1>","org/java_websocket/client/WebSocketClient:onWebsocketClose:520"
"1","<301648921,1>","org/java_websocket/client/WebSocketClient:onWebsocketClose:521"
"1","<301648921,1>","org/java_websocket/client/WebSocketClient:onWebsocketClose:522"
"1","<301648921,1>","org/java_websocket/WebSocketImpl:closeConnection:516"
"1","<-237870710,1>","org/java_websocket/client/WebSocketClient$WebsocketWriteThread:run:0"
"1","<-237870710,1>","org/java_websocket/client/WebSocketClient$WebsocketWriteThread:run:642"
"1","<-237870710,1>","org/java_websocket/client/WebSocketClient$WebsocketWriteThread:run:643"
"1","<-237870710,1>","org/java_websocket/client/WebSocketClient$WebsocketWriteThread:run:645"
"1","<-237870710,1>","org/java_websocket/client/WebSocketClient$WebsocketWriteThread:run:646"
"1","<-237870710,1>","org/java_websocket/client/WebSocketClient$WebsocketWriteThread:run:647"
"1","<-237870710,1>","org/java_websocket/client/WebSocketClient$WebsocketWriteThread:run:648"
"1","<-237870710,1>","org/java_websocket/client/WebSocketClient$WebsocketWriteThread:run:649"
"1","<-237870710,1>","org/java_websocket/client/WebSocketClient$WebsocketWriteThread:run:655"
"1","<-237870710,1>","org/java_websocket/client/WebSocketClient$WebsocketWriteThread:run:656"
"1","<-1708101337,1>","org/java_websocket/client/WebSocketClient:run:0"
"1","<-1708101337,1>","org/java_websocket/client/WebSocketClient:run:388"
"1","<-1708101337,1>","org/java_websocket/client/WebSocketClient:run:389"
"1","<-1708101337,1>","org/java_websocket/drafts/Draft:createHandshake:229"
"1","<-1708101337,1>","org/java_websocket/drafts/Draft:createHandshake:230"
"1","<-1708101337,1>","org/java_websocket/drafts/Draft:createHandshake:231"
"1","<-1708101337,1>","org/java_websocket/WebSocketImpl:write:689"
"1","<-1708101337,1>","org/java_websocket/WebSocketImpl:write:677"
"1","<-1708101337,1>","org/java_websocket/WebSocketImpl:write:678"
"1","<-1708101337,1>","org/java_websocket/WebSocketImpl:write:679"
"1","<-1708101337,1>","org/java_websocket/WebSocketImpl:write:680"
"1","<-1708101337,1>","org/java_websocket/WebSocketImpl:write:693"
"1","<-1708101337,1>","org/java_websocket/client/WebSocketClient:run:411"
"1","<-1708101337,1>","org/java_websocket/client/WebSocketClient:run:412"
"1","<-1708101337,1>","org/java_websocket/client/WebSocketClient:run:418"
"1","<-1708101337,1>","org/java_websocket/client/WebSocketClient:run:419"
"1","<-1708101337,1>","org/java_websocket/WebSocketImpl:decode:202"
"1","<-1708101337,1>","org/java_websocket/WebSocketImpl:decode:203"
"1","<-1708101337,1>","org/java_websocket/drafts/Draft:readLine:65"
"1","<-1708101337,1>","org/java_websocket/drafts/Draft:readLine:66"
"1","<-1708101337,1>","org/java_websocket/drafts/Draft:readLine:70"
"1","<-1708101337,1>","org/java_websocket/drafts/Draft:readLine:71"
"1","<-1708101337,1>","org/java_websocket/drafts/Draft:readLine:72"
"1","<-1708101337,1>","org/java_websocket/drafts/Draft:readStringLine:86"
"1","<-1708101337,1>","org/java_websocket/drafts/Draft:readStringLine:87"
"1","<-1708101337,1>","org/java_websocket/issues/Issue256Test$2:onOpen:97"
"1","<-1708101337,1>","org/java_websocket/issues/Issue256Test$2:onOpen:98"
"1","<-1708101337,1>","org/java_websocket/client/WebSocketClient:onWebsocketOpen:508"
"1","<-1708101337,1>","org/java_websocket/client/WebSocketClient:onWebsocketOpen:509"
"1","<-1708101337,1>","org/java_websocket/WebSocketImpl:closeConnection:0"
"1","<-1708101337,1>","org/java_websocket/client/WebSocketClient:onWebsocketClose:518"
"1","<-1708101337,1>","org/java_websocket/client/WebSocketClient:onWebsocketClose:519"
"1","<-1708101337,1>","org/java_websocket/issues/Issue256Test$2:onClose:107"
"1","<-1708101337,1>","org/java_websocket/issues/Issue256Test$2:onClose:108"
"1","<-1708101337,1>","org/java_websocket/client/WebSocketClient:onWebsocketClose:520"
"1","<-1708101337,1>","org/java_websocket/client/WebSocketClient:onWebsocketClose:521"
"1","<-1708101337,1>","org/java_websocket/client/WebSocketClient:onWebsocketClose:522"
"1","<-1708101337,1>","org/java_websocket/WebSocketImpl:closeConnection:516"
"1","<-237870710,2>","org/java_websocket/client/WebSocketClient$WebsocketWriteThread:run:0"
"1","<-237870710,2>","org/java_websocket/client/WebSocketClient$WebsocketWriteThread:run:642"
"1","<-237870710,2>","org/java_websocket/client/WebSocketClient$WebsocketWriteThread:run:643"
"1","<-237870710,2>","org/java_websocket/client/WebSocketClient$WebsocketWriteThread:run:645"
"1","<-237870710,2>","org/java_websocket/client/WebSocketClient$WebsocketWriteThread:run:646"
"1","<-237870710,2>","org/java_websocket/client/WebSocketClient$WebsocketWriteThread:run:647"
"1","<-237870710,2>","org/java_websocket/client/WebSocketClient$WebsocketWriteThread:run:648"
"1","<-237870710,2>","org/java_websocket/client/WebSocketClient$WebsocketWriteThread:run:649"
"1","<-237870710,2>","org/java_websocket/client/WebSocketClient$WebsocketWriteThread:run:655"
"1","<-237870710,2>","org/java_websocket/client/WebSocketClient$WebsocketWriteThread:run:656"
"2","<main>","org/java_websocket/util/SocketUtil:getAvailablePort:38"
"2","<main>","org/java_websocket/util/SocketUtil:getAvailablePort:39"
"2","<main>","org/slf4j/LoggerFactory:getILoggerFactory:409"
"2","<main>","org/slf4j/impl/SimpleLogger:<clinit>:147"
"2","<main>","org/slf4j/impl/SimpleLogger:<clinit>:148"
"2","<main>","org/slf4j/impl/SimpleLoggerConfiguration$1:run:102"
"2","<main>","org/slf4j/impl/SimpleLoggerConfiguration$1:run:103"
"2","<main>","org/slf4j/LoggerFactory:fixSubstituteLoggers:184"
"2","<main>","org/slf4j/LoggerFactory:fixSubstituteLoggers:190"
"2","<main>","org/slf4j/LoggerFactory:replayEvents:201"
"2","<main>","org/slf4j/LoggerFactory:replayEvents:202"
"2","<main>","org/slf4j/LoggerFactory:replayEvents:206"
"2","<main>","org/slf4j/LoggerFactory:replayEvents:207"
"2","<main>","org/slf4j/helpers/SubstituteLoggerFactory:clear:78"
"2","<main>","org/slf4j/helpers/SubstituteLoggerFactory:clear:79"
"2","<main>","org/slf4j/LoggerFactory:getILoggerFactory:414"
"2","<main>","org/slf4j/impl/SimpleLoggerFactory:getLogger:57"
"2","<main>","org/slf4j/impl/SimpleLoggerFactory:getLogger:58"
"2","<main>","org/java_websocket/server/WebSocketServer:start:231"
"2","<main>","org/java_websocket/server/WebSocketServer:start:232"
"2","<main>","org/java_websocket/util/ThreadCheck:getThreadMap:76"
"2","<main>","org/java_websocket/util/ThreadCheck:getThreadMap:77"
"2","<main>","org/java_websocket/util/ThreadCheck:getThreadMap:78"
"2","<main>","org/java_websocket/util/ThreadCheck:getThreadMap:79"
"2","<main>","org/java_websocket/util/ThreadCheck:getThreadMap:80"
"2","<main>","org/java_websocket/WebSocketImpl:<init>:126"
"2","<main>","org/java_websocket/WebSocketImpl:<init>:127"
"2","<main>","org/java_websocket/WebSocketImpl:<init>:142"
"2","<main>","org/java_websocket/WebSocketImpl:<init>:143"
"2","<main>","org/java_websocket/client/WebSocketClient:connect:284"
"2","<main>","org/java_websocket/client/WebSocketClient:connect:285"
"2","<main>","org/java_websocket/client/WebSocketClient:connect:286"
"2","<main>","org/java_websocket/client/WebSocketClient:connectBlocking:295"
"2","<main>","org/java_websocket/client/WebSocketClient:connectBlocking:296"
"2","<main>","org/java_websocket/WebSocketImpl:close:0"
"2","<main>","org/java_websocket/util/ByteBufferUtils:getEmptyByteBuffer:71"
"2","<main>","org/java_websocket/util/ByteBufferUtils:getEmptyByteBuffer:72"
"2","<main>","org/java_websocket/framing/CloseFrame:updatePayload:293"
"2","<main>","org/java_websocket/framing/CloseFrame:updatePayload:294"
"2","<main>","org/java_websocket/framing/CloseFrame:updatePayload:295"
"2","<main>","org/java_websocket/framing/CloseFrame:updatePayload:296"
"2","<main>","org/java_websocket/framing/CloseFrame:updatePayload:297"
"2","<main>","org/java_websocket/framing/CloseFrame:updatePayload:298"
"2","<main>","org/java_websocket/framing/CloseFrame:updatePayload:299"
"2","<main>","org/java_websocket/drafts/Draft_6455:createBinaryFrame:346"
"2","<main>","org/java_websocket/drafts/Draft_6455:createBinaryFrame:347"
"2","<main>","org/java_websocket/drafts/Draft_6455:createByteBufferFromFramedata:354"
"2","<main>","org/java_websocket/drafts/Draft_6455:createByteBufferFromFramedata:355"
"2","<main>","org/java_websocket/drafts/Draft_6455:createByteBufferFromFramedata:358"
"2","<main>","org/java_websocket/drafts/Draft_6455:createByteBufferFromFramedata:359"
"2","<main>","org/java_websocket/drafts/Draft_6455:createByteBufferFromFramedata:363"
"2","<main>","org/java_websocket/drafts/Draft_6455:createByteBufferFromFramedata:364"
"2","<main>","org/java_websocket/drafts/Draft_6455:createByteBufferFromFramedata:374"
"2","<main>","org/java_websocket/drafts/Draft_6455:createByteBufferFromFramedata:375"
"2","<main>","org/java_websocket/drafts/Draft_6455:createByteBufferFromFramedata:376"
"2","<main>","org/java_websocket/drafts/Draft_6455:createByteBufferFromFramedata:377"
"2","<main>","org/java_websocket/drafts/Draft_6455:createByteBufferFromFramedata:378"
"2","<main>","org/java_websocket/drafts/Draft_6455:createByteBufferFromFramedata:379"
"2","<main>","org/java_websocket/WebSocketImpl:write:689"
"2","<main>","org/java_websocket/WebSocketImpl:write:677"
"2","<main>","org/java_websocket/WebSocketImpl:write:678"
"2","<main>","org/java_websocket/WebSocketImpl:write:679"
"2","<main>","org/java_websocket/WebSocketImpl:write:680"
"2","<main>","org/java_websocket/WebSocketImpl:write:693"
"2","<main>","org/java_websocket/WebSocketImpl:flushAndClose:0"
"2","<main>","org/java_websocket/WebSocketImpl:flushAndClose:553"
"2","<main>","org/java_websocket/WebSocketImpl:close:460"
"2","<main>","org/java_websocket/client/WebSocketClient:closeBlocking:328"
"2","<main>","org/java_websocket/client/WebSocketClient:closeBlocking:329"
"2","<main>","org/java_websocket/issues/Issue256Test:runTestScenarioReconnect:123"
"2","<main>","org/java_websocket/issues/Issue256Test:runTestScenarioReconnect:124"
"2","<main>","org/java_websocket/client/WebSocketClient:reset:248"
"2","<main>","org/java_websocket/client/WebSocketClient:reset:249"
"2","<main>","org/java_websocket/util/ThreadCheck:after:44"
"2","<main>","org/java_websocket/util/ThreadCheck:after:45"
"2","<main>","org/java_websocket/util/ThreadCheck:after:46"
"2","<main>","org/java_websocket/util/ThreadCheck:after:47"
"2","<main>","org/java_websocket/util/ThreadCheck:checkZombies:57"
"2","<main>","org/java_websocket/util/ThreadCheck:checkZombies:58"
"2","<main>","org/java_websocket/server/WebSocketServer:stop:247"
"2","<main>","org/java_websocket/server/WebSocketServer:stop:248"
"2","<main>","org/java_websocket/server/WebSocketServer:stop:254"
"2","<main>","org/java_websocket/server/WebSocketServer:stop:256"
"2","<main>","org/java_websocket/server/WebSocketServer:stop:264"
"2","<main>","org/java_websocket/server/WebSocketServer:stop:266"
"2","<main>","org/java_websocket/server/WebSocketServer:stop:267"
"2","<main>","org/java_websocket/server/WebSocketServer:stop:268"
"2","<main>","org/java_websocket/server/WebSocketServer:stop:269"
"2","<main>","org/java_websocket/WebSocketImpl:close:462"
"2","<main>","org/java_websocket/client/WebSocketClient:reset:255"
"2","<main>","org/java_websocket/client/WebSocketClient:reset:256"
"2","<-746895182,1>","org/java_websocket/server/WebSocketServer$WebSocketWorker:run:0"
"2","<-746895182,1>","org/java_websocket/server/WebSocketServer$WebSocketWorker:run:908"
"2","<-746895182,1>","org/java_websocket/server/WebSocketServer$WebSocketWorker:run:909"
"2","<-746895182,1>","org/java_websocket/WebSocketImpl:decode:202"
"2","<-746895182,1>","org/java_websocket/WebSocketImpl:decode:203"
"2","<-746895182,1>","org/java_websocket/drafts/Draft:readLine:65"
"2","<-746895182,1>","org/java_websocket/drafts/Draft:readLine:66"
"2","<-746895182,1>","org/java_websocket/drafts/Draft:readLine:70"
"2","<-746895182,1>","org/java_websocket/drafts/Draft:readLine:71"
"2","<-746895182,1>","org/java_websocket/drafts/Draft:readLine:72"
"2","<-746895182,1>","org/java_websocket/drafts/Draft:readStringLine:86"
"2","<-746895182,1>","org/java_websocket/drafts/Draft:readStringLine:87"
"2","<-746895182,1>","org/java_websocket/drafts/Draft:createHandshake:229"
"2","<-746895182,1>","org/java_websocket/drafts/Draft:createHandshake:230"
"2","<-746895182,1>","org/java_websocket/drafts/Draft:createHandshake:231"
"2","<-746895182,1>","org/java_websocket/WebSocketImpl:write:689"
"2","<-746895182,1>","org/java_websocket/WebSocketImpl:write:677"
"2","<-746895182,1>","org/java_websocket/WebSocketImpl:write:678"
"2","<-746895182,1>","org/java_websocket/WebSocketImpl:write:679"
"2","<-746895182,1>","org/java_websocket/WebSocketImpl:write:680"
"2","<-746895182,1>","org/java_websocket/server/WebSocketServer:onWriteDemand:655"
"2","<-746895182,1>","org/java_websocket/server/WebSocketServer:onWriteDemand:656"
"2","<-746895182,1>","org/java_websocket/server/WebSocketServer:onWriteDemand:660"
"2","<-746895182,1>","org/java_websocket/server/WebSocketServer:onWriteDemand:661"
"2","<-746895182,1>","org/java_websocket/WebSocketImpl:write:693"
"2","<-746895182,1>","org/java_websocket/server/WebSocketServer:addConnection:633"
"2","<-746895182,1>","org/java_websocket/server/WebSocketServer:addConnection:634"
"2","<-746895182,1>","org/java_websocket/server/WebSocketServer:addConnection:637"
"2","<-746895182,1>","org/java_websocket/server/WebSocketServer:pushBuffer:518"
"2","<-746895182,1>","org/java_websocket/server/WebSocketServer:pushBuffer:519"
"2","<-746895182,1>","org/java_websocket/server/WebSocketServer:pushBuffer:520"
"2","<-746895182,1>","org/java_websocket/server/WebSocketServer:pushBuffer:521"
"2","<-746895182,1>","org/java_websocket/drafts/Draft_6455:translateSingleFrame:397"
"2","<-746895182,1>","org/java_websocket/drafts/Draft_6455:translateSingleFrame:398"
"2","<-746895182,1>","org/java_websocket/drafts/Draft_6455:translateSingleFrame:411"
"2","<-746895182,1>","org/java_websocket/drafts/Draft_6455:translateSingleFrame:412"
"2","<-746895182,1>","org/java_websocket/drafts/Draft_6455:translateSingleFrame:460"
"2","<-746895182,1>","org/java_websocket/drafts/Draft_6455:translateSingleFrame:461"
"2","<-746895182,1>","org/java_websocket/drafts/Draft_6455:translateSingleFrame:463"
"2","<-746895182,1>","org/java_websocket/drafts/Draft_6455:translateSingleFrame:464"
"2","<-746895182,1>","org/java_websocket/drafts/Draft_6455:translateSingleFrame:465"
"2","<-746895182,1>","org/java_websocket/drafts/Draft_6455:translateSingleFrame:466"
"2","<-746895182,1>","org/java_websocket/util/ByteBufferUtils:getEmptyByteBuffer:71"
"2","<-746895182,1>","org/java_websocket/util/ByteBufferUtils:getEmptyByteBuffer:72"
"2","<-746895182,1>","org/java_websocket/framing/CloseFrame:updatePayload:293"
"2","<-746895182,1>","org/java_websocket/framing/CloseFrame:updatePayload:294"
"2","<-746895182,1>","org/java_websocket/framing/CloseFrame:updatePayload:295"
"2","<-746895182,1>","org/java_websocket/framing/CloseFrame:updatePayload:296"
"2","<-746895182,1>","org/java_websocket/framing/CloseFrame:updatePayload:297"
"2","<-746895182,1>","org/java_websocket/framing/CloseFrame:updatePayload:298"
"2","<-746895182,1>","org/java_websocket/framing/CloseFrame:updatePayload:299"
"2","<-746895182,1>","org/java_websocket/framing/CloseFrame:setPayload:264"
"2","<-746895182,1>","org/java_websocket/framing/CloseFrame:setPayload:265"
"2","<-746895182,1>","org/java_websocket/framing/CloseFrame:setPayload:266"
"2","<-746895182,1>","org/java_websocket/framing/CloseFrame:setPayload:267"
"2","<-746895182,1>","org/java_websocket/framing/CloseFrame:setPayload:268"
"2","<-746895182,1>","org/java_websocket/framing/CloseFrame:setPayload:269"
"2","<-746895182,1>","org/java_websocket/util/Charsetfunctions:stringUtf8:93"
"2","<-746895182,1>","org/java_websocket/util/Charsetfunctions:stringUtf8:94"
"2","<-746895182,1>","org/java_websocket/drafts/Draft_6455:translateSingleFrame:481"
"2","<-746895182,1>","org/java_websocket/drafts/Draft_6455:translateSingleFrame:482"
"2","<-746895182,1>","org/java_websocket/WebSocketImpl:close:0"
"2","<-746895182,1>","org/java_websocket/drafts/Draft_6455:createBinaryFrame:346"
"2","<-746895182,1>","org/java_websocket/drafts/Draft_6455:createBinaryFrame:347"
"2","<-746895182,1>","org/java_websocket/drafts/Draft_6455:createByteBufferFromFramedata:354"
"2","<-746895182,1>","org/java_websocket/drafts/Draft_6455:createByteBufferFromFramedata:355"
"2","<-746895182,1>","org/java_websocket/drafts/Draft_6455:createByteBufferFromFramedata:358"
"2","<-746895182,1>","org/java_websocket/drafts/Draft_6455:createByteBufferFromFramedata:359"
"2","<-746895182,1>","org/java_websocket/drafts/Draft_6455:createByteBufferFromFramedata:363"
"2","<-746895182,1>","org/java_websocket/drafts/Draft_6455:createByteBufferFromFramedata:364"
"2","<-746895182,1>","org/java_websocket/drafts/Draft_6455:createByteBufferFromFramedata:381"
"2","<-746895182,1>","org/java_websocket/drafts/Draft_6455:createByteBufferFromFramedata:382"
"2","<-746895182,1>","org/java_websocket/WebSocketImpl:flushAndClose:0"
"2","<-746895182,1>","org/java_websocket/WebSocketImpl:flushAndClose:553"
"2","<-746895182,1>","org/java_websocket/WebSocketImpl:close:460"
"2","<-746895182,1>","org/java_websocket/server/WebSocketServer$WebSocketWorker:run:922"
"2","<-746895182,1>","org/java_websocket/server/WebSocketServer$WebSocketWorker:run:923"
"2","<-746895182,2>","org/java_websocket/server/WebSocketServer$WebSocketWorker:run:0"
"2","<-746895182,2>","org/java_websocket/server/WebSocketServer$WebSocketWorker:run:908"
"2","<-746895182,2>","org/java_websocket/server/WebSocketServer$WebSocketWorker:run:909"
"2","<-746895182,2>","org/java_websocket/WebSocketImpl:decode:202"
"2","<-746895182,2>","org/java_websocket/WebSocketImpl:decode:203"
"2","<-746895182,2>","org/java_websocket/drafts/Draft:readLine:65"
"2","<-746895182,2>","org/java_websocket/drafts/Draft:readLine:66"
"2","<-746895182,2>","org/java_websocket/drafts/Draft:readLine:70"
"2","<-746895182,2>","org/java_websocket/drafts/Draft:readLine:71"
"2","<-746895182,2>","org/java_websocket/drafts/Draft:readLine:72"
"2","<-746895182,2>","org/java_websocket/drafts/Draft:readStringLine:86"
"2","<-746895182,2>","org/java_websocket/drafts/Draft:readStringLine:87"
"2","<-746895182,2>","org/java_websocket/drafts/Draft:createHandshake:229"
"2","<-746895182,2>","org/java_websocket/drafts/Draft:createHandshake:230"
"2","<-746895182,2>","org/java_websocket/drafts/Draft:createHandshake:231"
"2","<-746895182,2>","org/java_websocket/WebSocketImpl:write:689"
"2","<-746895182,2>","org/java_websocket/WebSocketImpl:write:677"
"2","<-746895182,2>","org/java_websocket/WebSocketImpl:write:678"
"2","<-746895182,2>","org/java_websocket/WebSocketImpl:write:679"
"2","<-746895182,2>","org/java_websocket/WebSocketImpl:write:680"
"2","<-746895182,2>","org/java_websocket/server/WebSocketServer:onWriteDemand:655"
"2","<-746895182,2>","org/java_websocket/server/WebSocketServer:onWriteDemand:656"
"2","<-746895182,2>","org/java_websocket/server/WebSocketServer:onWriteDemand:660"
"2","<-746895182,2>","org/java_websocket/server/WebSocketServer:onWriteDemand:661"
"2","<-746895182,2>","org/java_websocket/WebSocketImpl:write:693"
"2","<-746895182,2>","org/java_websocket/server/WebSocketServer:addConnection:633"
"2","<-746895182,2>","org/java_websocket/server/WebSocketServer:addConnection:634"
"2","<-746895182,2>","org/java_websocket/server/WebSocketServer:addConnection:637"
"2","<-746895182,2>","org/java_websocket/server/WebSocketServer:pushBuffer:518"
"2","<-746895182,2>","org/java_websocket/server/WebSocketServer:pushBuffer:519"
"2","<-746895182,2>","org/java_websocket/server/WebSocketServer:pushBuffer:520"
"2","<-746895182,2>","org/java_websocket/server/WebSocketServer:pushBuffer:521"
"2","<-746895182,2>","org/java_websocket/drafts/Draft_6455:translateSingleFrame:397"
"2","<-746895182,2>","org/java_websocket/drafts/Draft_6455:translateSingleFrame:398"
"2","<-746895182,2>","org/java_websocket/drafts/Draft_6455:translateSingleFrame:411"
"2","<-746895182,2>","org/java_websocket/drafts/Draft_6455:translateSingleFrame:412"
"2","<-746895182,2>","org/java_websocket/drafts/Draft_6455:translateSingleFrame:460"
"2","<-746895182,2>","org/java_websocket/drafts/Draft_6455:translateSingleFrame:461"
"2","<-746895182,2>","org/java_websocket/drafts/Draft_6455:translateSingleFrame:463"
"2","<-746895182,2>","org/java_websocket/drafts/Draft_6455:translateSingleFrame:464"
"2","<-746895182,2>","org/java_websocket/drafts/Draft_6455:translateSingleFrame:465"
"2","<-746895182,2>","org/java_websocket/drafts/Draft_6455:translateSingleFrame:466"
"2","<-746895182,2>","org/java_websocket/util/ByteBufferUtils:getEmptyByteBuffer:71"
"2","<-746895182,2>","org/java_websocket/util/ByteBufferUtils:getEmptyByteBuffer:72"
"2","<-746895182,2>","org/java_websocket/framing/CloseFrame:updatePayload:293"
"2","<-746895182,2>","org/java_websocket/framing/CloseFrame:updatePayload:294"
"2","<-746895182,2>","org/java_websocket/framing/CloseFrame:updatePayload:295"
"2","<-746895182,2>","org/java_websocket/framing/CloseFrame:updatePayload:296"
"2","<-746895182,2>","org/java_websocket/framing/CloseFrame:updatePayload:297"
"2","<-746895182,2>","org/java_websocket/framing/CloseFrame:updatePayload:298"
"2","<-746895182,2>","org/java_websocket/framing/CloseFrame:updatePayload:299"
"2","<-746895182,2>","org/java_websocket/framing/CloseFrame:setPayload:264"
"2","<-746895182,2>","org/java_websocket/framing/CloseFrame:setPayload:265"
"2","<-746895182,2>","org/java_websocket/framing/CloseFrame:setPayload:266"
"2","<-746895182,2>","org/java_websocket/framing/CloseFrame:setPayload:267"
"2","<-746895182,2>","org/java_websocket/framing/CloseFrame:setPayload:268"
"2","<-746895182,2>","org/java_websocket/framing/CloseFrame:setPayload:269"
"2","<-746895182,2>","org/java_websocket/util/Charsetfunctions:stringUtf8:93"
"2","<-746895182,2>","org/java_websocket/util/Charsetfunctions:stringUtf8:94"
"2","<-746895182,2>","org/java_websocket/drafts/Draft_6455:translateSingleFrame:481"
"2","<-746895182,2>","org/java_websocket/drafts/Draft_6455:translateSingleFrame:482"
"2","<-746895182,2>","org/java_websocket/WebSocketImpl:close:0"
"2","<-746895182,2>","org/java_websocket/drafts/Draft_6455:createBinaryFrame:346"
"2","<-746895182,2>","org/java_websocket/drafts/Draft_6455:createBinaryFrame:347"
"2","<-746895182,2>","org/java_websocket/drafts/Draft_6455:createByteBufferFromFramedata:354"
"2","<-746895182,2>","org/java_websocket/drafts/Draft_6455:createByteBufferFromFramedata:355"
"2","<-746895182,2>","org/java_websocket/drafts/Draft_6455:createByteBufferFromFramedata:358"
"2","<-746895182,2>","org/java_websocket/drafts/Draft_6455:createByteBufferFromFramedata:359"
"2","<-746895182,2>","org/java_websocket/drafts/Draft_6455:createByteBufferFromFramedata:363"
"2","<-746895182,2>","org/java_websocket/drafts/Draft_6455:createByteBufferFromFramedata:364"
"2","<-746895182,2>","org/java_websocket/drafts/Draft_6455:createByteBufferFromFramedata:381"
"2","<-746895182,2>","org/java_websocket/drafts/Draft_6455:createByteBufferFromFramedata:382"
"2","<-746895182,2>","org/java_websocket/WebSocketImpl:flushAndClose:0"
"2","<-746895182,2>","org/java_websocket/WebSocketImpl:flushAndClose:553"
"2","<-746895182,2>","org/java_websocket/WebSocketImpl:close:460"
"2","<-746895182,2>","org/java_websocket/server/WebSocketServer$WebSocketWorker:run:922"
"2","<-746895182,2>","org/java_websocket/server/WebSocketServer$WebSocketWorker:run:923"
"2","<-746895182,3>","org/java_websocket/server/WebSocketServer$WebSocketWorker:run:0"
"2","<-746895182,3>","org/java_websocket/server/WebSocketServer$WebSocketWorker:run:908"
"2","<-746895182,3>","org/java_websocket/server/WebSocketServer$WebSocketWorker:run:922"
"2","<-746895182,3>","org/java_websocket/server/WebSocketServer$WebSocketWorker:run:923"
"2","<-746895182,4>","org/java_websocket/server/WebSocketServer$WebSocketWorker:run:0"
"2","<-746895182,4>","org/java_websocket/server/WebSocketServer$WebSocketWorker:run:908"
"2","<-746895182,4>","org/java_websocket/server/WebSocketServer$WebSocketWorker:run:922"
"2","<-746895182,4>","org/java_websocket/server/WebSocketServer$WebSocketWorker:run:923"
"2","<-746895182,0>","org/java_websocket/server/WebSocketServer$WebSocketWorker:run:0"
"2","<-746895182,0>","org/java_websocket/server/WebSocketServer$WebSocketWorker:run:908"
"2","<-746895182,0>","org/java_websocket/server/WebSocketServer$WebSocketWorker:run:923"
"2","<-746895182,0>","org/java_websocket/server/WebSocketServer$WebSocketWorker:run:922"
"2","<-755661232,1>","org/java_websocket/server/WebSocketServer:run:0"
"2","<-755661232,1>","org/java_websocket/server/WebSocketServer:run:309"
"2","<-755661232,1>","org/java_websocket/server/WebSocketServer:run:312"
"2","<-755661232,1>","org/java_websocket/server/WebSocketServer:run:313"
"2","<-755661232,1>","org/java_websocket/server/WebSocketServer:run:314"
"2","<-755661232,1>","org/java_websocket/server/WebSocketServer:run:316"
"2","<-755661232,1>","org/java_websocket/server/WebSocketServer:run:317"
"2","<-755661232,1>","org/java_websocket/server/WebSocketServer:run:318"
"2","<-755661232,1>","org/java_websocket/server/WebSocketServer:run:319"
"2","<-755661232,1>","org/java_websocket/server/WebSocketServer:run:320"
"2","<-755661232,1>","org/java_websocket/server/WebSocketServer:run:321"
"2","<-755661232,1>","org/java_websocket/server/WebSocketServer:run:322"
"2","<-755661232,1>","org/java_websocket/server/WebSocketServer:run:324"
"2","<-755661232,1>","org/java_websocket/server/WebSocketServer:run:325"
"2","<-755661232,1>","org/java_websocket/server/WebSocketServer:run:326"
"2","<-755661232,1>","org/java_websocket/server/WebSocketServer:run:327"
"2","<-755661232,1>","org/java_websocket/issues/Issue256Test$1:onStart:84"
"2","<-755661232,1>","org/java_websocket/issues/Issue256Test$1:onStart:85"
"2","<-755661232,1>","org/java_websocket/server/WebSocketServer:run:336"
"2","<-755661232,1>","org/java_websocket/server/WebSocketServer:run:337"
"2","<-755661232,1>","org/java_websocket/server/WebSocketServer:run:340"
"2","<-755661232,1>","org/java_websocket/server/WebSocketServer:run:341"
"2","<-755661232,1>","org/java_websocket/server/WebSocketServer:run:343"
"2","<-755661232,1>","org/java_websocket/server/WebSocketServer:run:344"
"2","<-755661232,1>","org/java_websocket/server/WebSocketServer:run:347"
"2","<-755661232,1>","org/java_websocket/server/WebSocketServer:run:348"
"2","<-755661232,1>","org/java_websocket/server/WebSocketServer:run:354"
"2","<-755661232,1>","org/java_websocket/server/WebSocketServer:run:355"
"2","<-755661232,1>","org/java_websocket/server/WebSocketServer:run:359"
"2","<-755661232,1>","org/java_websocket/server/WebSocketServer:run:360"
"2","<-755661232,1>","org/java_websocket/server/WebSocketServer:run:365"
"2","<-755661232,1>","org/java_websocket/server/WebSocketServer:run:366"
"2","<-755661232,1>","org/java_websocket/server/WebSocketServer:run:370"
"2","<-755661232,1>","org/java_websocket/server/WebSocketServer:run:371"
"2","<-755661232,1>","org/java_websocket/WebSocketImpl:<init>:126"
"2","<-755661232,1>","org/java_websocket/WebSocketImpl:<init>:127"
"2","<-755661232,1>","org/java_websocket/WebSocketImpl:<init>:142"
"2","<-755661232,1>","org/java_websocket/WebSocketImpl:<init>:143"
"2","<-755661232,1>","org/java_websocket/server/WebSocketServer:allocateBuffers:489"
"2","<-755661232,1>","org/java_websocket/server/WebSocketServer:allocateBuffers:490"
"2","<-755661232,1>","org/java_websocket/server/WebSocketServer:allocateBuffers:492"
"2","<-755661232,1>","org/java_websocket/server/WebSocketServer:allocateBuffers:493"
"2","<-755661232,1>","org/java_websocket/server/WebSocketServer:createBuffer:502"
"2","<-755661232,1>","org/java_websocket/server/WebSocketServer:createBuffer:503"
"2","<-755661232,1>","org/java_websocket/server/WebSocketServer:allocateBuffers:494"
"2","<-755661232,1>","org/java_websocket/server/WebSocketServer:run:389"
"2","<-755661232,1>","org/java_websocket/server/WebSocketServer:run:390"
"2","<-755661232,1>","org/java_websocket/server/WebSocketServer:run:391"
"2","<-755661232,1>","org/java_websocket/server/WebSocketServer:takeBuffer:514"
"2","<-755661232,1>","org/java_websocket/server/WebSocketServer:takeBuffer:515"
"2","<-755661232,1>","org/java_websocket/server/WebSocketServer:run:402"
"2","<-755661232,1>","org/java_websocket/server/WebSocketServer:run:403"
"2","<-755661232,1>","org/java_websocket/server/WebSocketServer$WebSocketWorker:put:899"
"2","<-755661232,1>","org/java_websocket/server/WebSocketServer$WebSocketWorker:put:900"
"2","<-755661232,1>","org/java_websocket/server/WebSocketServer:run:420"
"2","<-755661232,1>","org/java_websocket/server/WebSocketServer:run:421"
"2","<-755661232,1>","org/java_websocket/server/WebSocketServer:run:345"
"2","<-755661232,1>","org/java_websocket/server/WebSocketServer:run:422"
"2","<-755661232,1>","org/java_websocket/server/WebSocketServer:run:423"
"2","<-755661232,1>","org/java_websocket/server/WebSocketServer:run:424"
"2","<-755661232,1>","org/java_websocket/server/WebSocketServer:run:425"
"2","<-755661232,1>","org/java_websocket/WebSocketImpl:closeConnection:0"
"2","<-755661232,1>","org/java_websocket/WebSocketImpl:closeConnection:492"
"2","<-755661232,1>","org/java_websocket/WebSocketImpl:closeConnection:493"
"2","<-755661232,1>","org/java_websocket/server/WebSocketServer:onWebsocketClose:584"
"2","<-755661232,1>","org/java_websocket/server/WebSocketServer:onWebsocketClose:585"
"2","<-755661232,1>","org/java_websocket/server/WebSocketServer:removeConnection:609"
"2","<-755661232,1>","org/java_websocket/server/WebSocketServer:removeConnection:616"
"2","<-755661232,1>","org/java_websocket/server/WebSocketServer:removeConnection:617"
"2","<-755661232,1>","org/java_websocket/server/WebSocketServer:removeConnection:618"
"2","<-755661232,1>","org/java_websocket/WebSocketImpl:closeConnection:516"
"2","<-755661232,1>","org/java_websocket/server/WebSocketServer:run:472"
"2","<-755661232,1>","org/java_websocket/server/WebSocketServer:run:473"
"2","<301648921,1>","org/java_websocket/client/WebSocketClient:run:0"
"2","<301648921,1>","org/java_websocket/client/WebSocketClient:run:388"
"2","<301648921,1>","org/java_websocket/client/WebSocketClient:run:389"
"2","<301648921,1>","org/java_websocket/drafts/Draft:createHandshake:229"
"2","<301648921,1>","org/java_websocket/drafts/Draft:createHandshake:230"
"2","<301648921,1>","org/java_websocket/drafts/Draft:createHandshake:231"
"2","<301648921,1>","org/java_websocket/WebSocketImpl:write:689"
"2","<301648921,1>","org/java_websocket/WebSocketImpl:write:677"
"2","<301648921,1>","org/java_websocket/WebSocketImpl:write:678"
"2","<301648921,1>","org/java_websocket/WebSocketImpl:write:679"
"2","<301648921,1>","org/java_websocket/WebSocketImpl:write:680"
"2","<301648921,1>","org/java_websocket/WebSocketImpl:write:693"
"2","<301648921,1>","org/java_websocket/client/WebSocketClient:run:411"
"2","<301648921,1>","org/java_websocket/client/WebSocketClient:run:412"
"2","<301648921,1>","org/java_websocket/client/WebSocketClient:run:418"
"2","<301648921,1>","org/java_websocket/client/WebSocketClient:run:419"
"2","<301648921,1>","org/java_websocket/WebSocketImpl:decode:202"
"2","<301648921,1>","org/java_websocket/WebSocketImpl:decode:203"
"2","<301648921,1>","org/java_websocket/drafts/Draft:readLine:65"
"2","<301648921,1>","org/java_websocket/drafts/Draft:readLine:66"
"2","<301648921,1>","org/java_websocket/drafts/Draft:readLine:70"
"2","<301648921,1>","org/java_websocket/drafts/Draft:readLine:71"
"2","<301648921,1>","org/java_websocket/drafts/Draft:readLine:72"
"2","<301648921,1>","org/java_websocket/drafts/Draft:readStringLine:86"
"2","<301648921,1>","org/java_websocket/drafts/Draft:readStringLine:87"
"2","<301648921,1>","org/java_websocket/issues/Issue256Test$2:onOpen:97"
"2","<301648921,1>","org/java_websocket/issues/Issue256Test$2:onOpen:98"
"2","<301648921,1>","org/java_websocket/client/WebSocketClient:onWebsocketOpen:508"
"2","<301648921,1>","org/java_websocket/client/WebSocketClient:onWebsocketOpen:509"
"2","<301648921,1>","org/java_websocket/WebSocketImpl:closeConnection:0"
"2","<301648921,1>","org/java_websocket/client/WebSocketClient:onWebsocketClose:518"
"2","<301648921,1>","org/java_websocket/client/WebSocketClient:onWebsocketClose:519"
"2","<301648921,1>","org/java_websocket/issues/Issue256Test$2:onClose:107"
"2","<301648921,1>","org/java_websocket/issues/Issue256Test$2:onClose:108"
"2","<301648921,1>","org/java_websocket/client/WebSocketClient:onWebsocketClose:520"
"2","<301648921,1>","org/java_websocket/client/WebSocketClient:onWebsocketClose:521"
"2","<301648921,1>","org/java_websocket/client/WebSocketClient:onWebsocketClose:522"
"2","<301648921,1>","org/java_websocket/WebSocketImpl:closeConnection:516"
"2","<-237870710,1>","org/java_websocket/client/WebSocketClient$WebsocketWriteThread:run:0"
"2","<-237870710,1>","org/java_websocket/client/WebSocketClient$WebsocketWriteThread:run:642"
"2","<-237870710,1>","org/java_websocket/client/WebSocketClient$WebsocketWriteThread:run:643"
"2","<-237870710,1>","org/java_websocket/client/WebSocketClient$WebsocketWriteThread:run:645"
"2","<-237870710,1>","org/java_websocket/client/WebSocketClient$WebsocketWriteThread:run:646"
"2","<-237870710,1>","org/java_websocket/client/WebSocketClient$WebsocketWriteThread:run:647"
"2","<-237870710,1>","org/java_websocket/client/WebSocketClient$WebsocketWriteThread:run:648"
"2","<-237870710,1>","org/java_websocket/client/WebSocketClient$WebsocketWriteThread:run:649"
"2","<-237870710,1>","org/java_websocket/client/WebSocketClient$WebsocketWriteThread:run:655"
"2","<-237870710,1>","org/java_websocket/client/WebSocketClient$WebsocketWriteThread:run:656"
"2","<-1708101337,1>","org/java_websocket/client/WebSocketClient:run:0"
"2","<-1708101337,1>","org/java_websocket/client/WebSocketClient:run:388"
"2","<-1708101337,1>","org/java_websocket/client/WebSocketClient:run:389"
"2","<-1708101337,1>","org/java_websocket/drafts/Draft:createHandshake:229"
"2","<-1708101337,1>","org/java_websocket/drafts/Draft:createHandshake:230"
"2","<-1708101337,1>","org/java_websocket/drafts/Draft:createHandshake:231"
"2","<-1708101337,1>","org/java_websocket/WebSocketImpl:write:689"
"2","<-1708101337,1>","org/java_websocket/WebSocketImpl:write:677"
"2","<-1708101337,1>","org/java_websocket/WebSocketImpl:write:678"
"2","<-1708101337,1>","org/java_websocket/WebSocketImpl:write:679"
"2","<-1708101337,1>","org/java_websocket/WebSocketImpl:write:680"
"2","<-1708101337,1>","org/java_websocket/WebSocketImpl:write:693"
"2","<-1708101337,1>","org/java_websocket/client/WebSocketClient:run:411"
"2","<-1708101337,1>","org/java_websocket/client/WebSocketClient:run:412"
"2","<-1708101337,1>","org/java_websocket/client/WebSocketClient:run:418"
"2","<-1708101337,1>","org/java_websocket/client/WebSocketClient:run:419"
"2","<-1708101337,1>","org/java_websocket/WebSocketImpl:decode:202"
"2","<-1708101337,1>","org/java_websocket/WebSocketImpl:decode:203"
"2","<-1708101337,1>","org/java_websocket/drafts/Draft:readLine:65"
"2","<-1708101337,1>","org/java_websocket/drafts/Draft:readLine:66"
"2","<-1708101337,1>","org/java_websocket/drafts/Draft:readLine:70"
"2","<-1708101337,1>","org/java_websocket/drafts/Draft:readLine:71"
"2","<-1708101337,1>","org/java_websocket/drafts/Draft:readLine:72"
"2","<-1708101337,1>","org/java_websocket/drafts/Draft:readStringLine:86"
"2","<-1708101337,1>","org/java_websocket/drafts/Draft:readStringLine:87"
"2","<-1708101337,1>","org/java_websocket/issues/Issue256Test$2:onOpen:97"
"2","<-1708101337,1>","org/java_websocket/issues/Issue256Test$2:onOpen:98"
"2","<-1708101337,1>","org/java_websocket/client/WebSocketClient:onWebsocketOpen:508"
"2","<-1708101337,1>","org/java_websocket/client/WebSocketClient:onWebsocketOpen:509"
"2","<-1708101337,1>","org/java_websocket/WebSocketImpl:closeConnection:0"
"2","<-1708101337,1>","org/java_websocket/client/WebSocketClient:onWebsocketClose:518"
"2","<-1708101337,1>","org/java_websocket/client/WebSocketClient:onWebsocketClose:519"
"2","<-1708101337,1>","org/java_websocket/issues/Issue256Test$2:onClose:107"
"2","<-1708101337,1>","org/java_websocket/issues/Issue256Test$2:onClose:108"
"2","<-1708101337,1>","org/java_websocket/client/WebSocketClient:onWebsocketClose:520"
"2","<-1708101337,1>","org/java_websocket/client/WebSocketClient:onWebsocketClose:521"
"2","<-1708101337,1>","org/java_websocket/client/WebSocketClient:onWebsocketClose:522"
"2","<-1708101337,1>","org/java_websocket/WebSocketImpl:closeConnection:516"
"2","<-237870710,2>","org/java_websocket/client/WebSocketClient$WebsocketWriteThread:run:0"
"2","<-237870710,2>","org/java_websocket/client/WebSocketClient$WebsocketWriteThread:run:642"
"2","<-237870710,2>","org/java_websocket/client/WebSocketClient$WebsocketWriteThread:run:643"
"2","<-237870710,2>","org/java_websocket/client/WebSocketClient$WebsocketWriteThread:run:645"
"2","<-237870710,2>","org/java_websocket/client/WebSocketClient$WebsocketWriteThread:run:646"
"2","<-237870710,2>","org/java_websocket/client/WebSocketClient$WebsocketWriteThread:run:647"
"2","<-237870710,2>","org/java_websocket/client/WebSocketClient$WebsocketWriteThread:run:648"
"2","<-237870710,2>","org/java_websocket/client/WebSocketClient$WebsocketWriteThread:run:649"
"2","<-237870710,2>","org/java_websocket/client/WebSocketClient$WebsocketWriteThread:run:655"
"2","<-237870710,2>","org/java_websocket/client/WebSocketClient$WebsocketWriteThread:run:656"
