proj_name,fm_filename,test_filename,test_method,fm_method,cyclomatic_complexity,line_number,start_line,end_line
eemeter,/mnt/efs/people/urshanto/change_aware_utg/test_analysis/projects/eemeter/eemeter/eemeter/models/daily/base_models/c_hdd_tidd.py,/mnt/efs/people/urshanto/change_aware_utg/test_analysis/projects/eemeter/tests/daily_model/base_models/test_c_hdd_tidd_smooth.py,test_fit_c_hdd_tidd_smooth,fit_c_hdd_tidd,1,108,[42,150]
eemeter,/mnt/efs/people/urshanto/change_aware_utg/test_analysis/projects/eemeter/eemeter/eemeter/models/daily/base_models/full_model.py,/mnt/efs/people/urshanto/change_aware_utg/test_analysis/projects/eemeter/tests/daily_model/base_models/test_full_model_finder.py,test_full_model_import,full_model,1,76,[27,103]
eemeter,/mnt/efs/people/urshanto/change_aware_utg/test_analysis/projects/eemeter/eemeter/eemeter/models/billing/model.py,/mnt/efs/people/urshanto/change_aware_utg/test_analysis/projects/eemeter/tests/daily_model/test_daily_model.py,test_predict_df_matches_input_index,predict,1,62,[68,130]
eemeter,/mnt/efs/people/urshanto/change_aware_utg/test_analysis/projects/eemeter/eemeter/eemeter/models/daily/fit_base_models.py,/mnt/efs/people/urshanto/change_aware_utg/test_analysis/projects/eemeter/tests/daily_model/test_fit_base_models.py,test_fit_final_model,fit_final_model,1,37,[140,177]
eemeter,/mnt/efs/people/urshanto/change_aware_utg/test_analysis/projects/eemeter/eemeter/eemeter/models/daily/fit_base_models.py,/mnt/efs/people/urshanto/change_aware_utg/test_analysis/projects/eemeter/tests/daily_model/test_fit_base_models.py,test_fit_initial_models_from_full_model,fit_initial_models_from_full_model,1,38,[59,97]
eemeter,/mnt/efs/people/urshanto/change_aware_utg/test_analysis/projects/eemeter/eemeter/eemeter/models/daily/fit_base_models.py,/mnt/efs/people/urshanto/change_aware_utg/test_analysis/projects/eemeter/tests/daily_model/test_fit_base_models.py,test_fit_model,fit_model,1,37,[100,137]
eemeter,/mnt/efs/people/urshanto/change_aware_utg/test_analysis/projects/eemeter/eemeter/eemeter/models/billing/model.py,/mnt/efs/people/urshanto/change_aware_utg/test_analysis/projects/eemeter/tests/daily_model/test_fit_model.py,test_fit_model,fit,1,23,[43,66]
eemeter,/mnt/efs/people/urshanto/change_aware_utg/test_analysis/projects/eemeter/eemeter/eemeter/models/daily/objective_function.py,/mnt/efs/people/urshanto/change_aware_utg/test_analysis/projects/eemeter/tests/daily_model/test_objective_function.py,test_get_idx,get_idx,1,21,[27,48]
eemeter,/mnt/efs/people/urshanto/change_aware_utg/test_analysis/projects/eemeter/eemeter/eemeter/models/daily/objective_function.py,/mnt/efs/people/urshanto/change_aware_utg/test_analysis/projects/eemeter/tests/daily_model/test_objective_function.py,test_no_weights_obj_fcn,no_weights_obj_fcn,1,23,[51,74]
eemeter,/mnt/efs/people/urshanto/change_aware_utg/test_analysis/projects/eemeter/eemeter/eemeter/models/daily/objective_function.py,/mnt/efs/people/urshanto/change_aware_utg/test_analysis/projects/eemeter/tests/daily_model/test_objective_function.py,test_obj_fcn_decorator,obj_fcn_decorator,1,273,[100,373]
eemeter,/mnt/efs/people/urshanto/change_aware_utg/test_analysis/projects/eemeter/eemeter/eemeter/models/daily/optimize.py,/mnt/efs/people/urshanto/change_aware_utg/test_analysis/projects/eemeter/tests/daily_model/test_optimize.py,test_obj_fcn_dec,obj_fcn_dec,1,23,[84,107]
eemeter,/mnt/efs/people/urshanto/change_aware_utg/test_analysis/projects/eemeter/eemeter/eemeter/models/daily/optimize.py,/mnt/efs/people/urshanto/change_aware_utg/test_analysis/projects/eemeter/tests/daily_model/test_optimize.py,test_optimizer_run,run,1,31,[157,188]
eemeter,/mnt/efs/people/urshanto/change_aware_utg/test_analysis/projects/eemeter/eemeter/eemeter/models/daily/optimize_results.py,/mnt/efs/people/urshanto/change_aware_utg/test_analysis/projects/eemeter/tests/daily_model/test_optimize_results.py,test_acf,acf,1,32,[192,224]
eemeter,/mnt/efs/people/urshanto/change_aware_utg/test_analysis/projects/eemeter/eemeter/eemeter/models/daily/optimize_results.py,/mnt/efs/people/urshanto/change_aware_utg/test_analysis/projects/eemeter/tests/daily_model/test_optimize_results.py,test_eval,eval,1,49,[423,472]
eemeter,/mnt/efs/people/urshanto/change_aware_utg/test_analysis/projects/eemeter/eemeter/eemeter/models/daily/optimize_results.py,/mnt/efs/people/urshanto/change_aware_utg/test_analysis/projects/eemeter/tests/daily_model/test_optimize_results.py,test_get_k,get_k,1,37,[36,73]
eemeter,/mnt/efs/people/urshanto/change_aware_utg/test_analysis/projects/eemeter/eemeter/eemeter/models/daily/optimize_results.py,/mnt/efs/people/urshanto/change_aware_utg/test_analysis/projects/eemeter/tests/daily_model/test_optimize_results.py,test_prediction_uncertainty,_prediction_uncertainty,1,21,[345,366]
eemeter,/mnt/efs/people/urshanto/change_aware_utg/test_analysis/projects/eemeter/eemeter/eemeter/models/daily/optimize_results.py,/mnt/efs/people/urshanto/change_aware_utg/test_analysis/projects/eemeter/tests/daily_model/test_optimize_results.py,test_reduce_model,reduce_model,1,113,[76,189]
eemeter,/mnt/efs/people/urshanto/change_aware_utg/test_analysis/projects/eemeter/eemeter/eemeter/models/daily/optimize_results.py,/mnt/efs/people/urshanto/change_aware_utg/test_analysis/projects/eemeter/tests/daily_model/test_optimize_results.py,test_refine_model,_refine_model,1,20,[401,421]
eemeter,/mnt/efs/people/urshanto/change_aware_utg/test_analysis/projects/eemeter/eemeter/eemeter/models/daily/optimize_results.py,/mnt/efs/people/urshanto/change_aware_utg/test_analysis/projects/eemeter/tests/daily_model/test_optimize_results.py,test_set_model_key,_set_model_key,1,31,[368,399]
eemeter,/mnt/efs/people/urshanto/change_aware_utg/test_analysis/projects/eemeter/eemeter/common/adaptive_loss.py,/mnt/efs/people/urshanto/change_aware_utg/test_analysis/projects/eemeter/tests/daily_model/utilities/test_adaptive_loss.py,test_adaptive_loss_fcn,adaptive_loss_fcn,1,41,[483,524]
eemeter,/mnt/efs/people/urshanto/change_aware_utg/test_analysis/projects/eemeter/eemeter/common/adaptive_loss.py,/mnt/efs/people/urshanto/change_aware_utg/test_analysis/projects/eemeter/tests/daily_model/utilities/test_adaptive_loss.py,test_adaptive_weights,adaptive_weights,1,32,[528,560]
eemeter,/mnt/efs/people/urshanto/change_aware_utg/test_analysis/projects/eemeter/eemeter/common/adaptive_loss.py,/mnt/efs/people/urshanto/change_aware_utg/test_analysis/projects/eemeter/tests/daily_model/utilities/test_adaptive_loss.py,test_remove_outliers,remove_outliers,1,7,[73,80]
eemeter,/mnt/efs/people/urshanto/change_aware_utg/test_analysis/projects/eemeter/eemeter/eemeter/models/daily/utilities/base_model.py,/mnt/efs/people/urshanto/change_aware_utg/test_analysis/projects/eemeter/tests/daily_model/utilities/test_base_model.py,test_fix_identical_bnds,fix_identical_bnds,1,7,[121,128]
eemeter,/mnt/efs/people/urshanto/change_aware_utg/test_analysis/projects/eemeter/eemeter/eemeter/models/daily/utilities/base_model.py,/mnt/efs/people/urshanto/change_aware_utg/test_analysis/projects/eemeter/tests/daily_model/utilities/test_base_model.py,test_get_intercept,get_intercept,1,22,[29,51]
eemeter,/mnt/efs/people/urshanto/change_aware_utg/test_analysis/projects/eemeter/eemeter/eemeter/models/daily/utilities/base_model.py,/mnt/efs/people/urshanto/change_aware_utg/test_analysis/projects/eemeter/tests/daily_model/utilities/test_base_model.py,test_get_slope,get_slope,1,20,[54,74]
eemeter,/mnt/efs/people/urshanto/change_aware_utg/test_analysis/projects/eemeter/eemeter/eemeter/models/daily/utilities/base_model.py,/mnt/efs/people/urshanto/change_aware_utg/test_analysis/projects/eemeter/tests/daily_model/utilities/test_base_model.py,test_get_smooth_coeffs,get_smooth_coeffs,1,24,[94,118]
eemeter,/mnt/efs/people/urshanto/change_aware_utg/test_analysis/projects/eemeter/eemeter/eemeter/models/daily/utilities/base_model.py,/mnt/efs/people/urshanto/change_aware_utg/test_analysis/projects/eemeter/tests/daily_model/utilities/test_base_model.py,test_linear_fit,linear_fit,1,12,[77,89]
eemeter,/mnt/efs/people/urshanto/change_aware_utg/test_analysis/projects/eemeter/eemeter/eemeter/models/daily/utilities/ellipsoid_test.py,/mnt/efs/people/urshanto/change_aware_utg/test_analysis/projects/eemeter/tests/daily_model/utilities/test_ellipsoid_test.py,test_ellipsoid_K_function,ellipsoid_K_function,1,18,[65,83]
eemeter,/mnt/efs/people/urshanto/change_aware_utg/test_analysis/projects/eemeter/eemeter/eemeter/models/daily/utilities/ellipsoid_test.py,/mnt/efs/people/urshanto/change_aware_utg/test_analysis/projects/eemeter/tests/daily_model/utilities/test_ellipsoid_test.py,test_ellipsoid_intersection_test,ellipsoid_intersection_test,1,36,[26,62]
eemeter,/mnt/efs/people/urshanto/change_aware_utg/test_analysis/projects/eemeter/eemeter/eemeter/models/daily/utilities/ellipsoid_test.py,/mnt/efs/people/urshanto/change_aware_utg/test_analysis/projects/eemeter/tests/daily_model/utilities/test_ellipsoid_test.py,test_ellipsoid_split_filter,ellipsoid_split_filter,1,93,[169,262]
eemeter,/mnt/efs/people/urshanto/change_aware_utg/test_analysis/projects/eemeter/eemeter/eemeter/models/daily/utilities/ellipsoid_test.py,/mnt/efs/people/urshanto/change_aware_utg/test_analysis/projects/eemeter/tests/daily_model/utilities/test_ellipsoid_test.py,test_robust_confidence_ellipse,robust_confidence_ellipse,1,48,[118,166]
eemeter,/mnt/efs/people/urshanto/change_aware_utg/test_analysis/projects/eemeter/eemeter/eemeter/models/daily/utilities/selection_criteria.py,/mnt/efs/people/urshanto/change_aware_utg/test_analysis/projects/eemeter/tests/daily_model/utilities/test_selection_criteria.py,test_neg_log_likelihood,neg_log_likelihood,1,19,[23,42]
eemeter,/mnt/efs/people/urshanto/change_aware_utg/test_analysis/projects/eemeter/eemeter/eemeter/models/daily/utilities/selection_criteria.py,/mnt/efs/people/urshanto/change_aware_utg/test_analysis/projects/eemeter/tests/daily_model/utilities/test_selection_criteria.py,test_selection_criteria,selection_criteria,1,109,[45,154]
eemeter,/mnt/efs/people/urshanto/change_aware_utg/test_analysis/projects/eemeter/eemeter/common/utils.py,/mnt/efs/people/urshanto/change_aware_utg/test_analysis/projects/eemeter/tests/daily_model/utilities/test_utils.py,test_OoM,OoM,1,4,[93,97]
eemeter,/mnt/efs/people/urshanto/change_aware_utg/test_analysis/projects/eemeter/eemeter/common/utils.py,/mnt/efs/people/urshanto/change_aware_utg/test_analysis/projects/eemeter/tests/daily_model/utilities/test_utils.py,test_RoundToSigFigs,RoundToSigFigs,1,15,[137,152]
eemeter,/mnt/efs/people/urshanto/change_aware_utg/test_analysis/projects/eemeter/eemeter/common/utils.py,/mnt/efs/people/urshanto/change_aware_utg/test_analysis/projects/eemeter/tests/daily_model/utilities/test_utils.py,test_fast_std,fast_std,1,30,[249,279]
eemeter,/mnt/efs/people/urshanto/change_aware_utg/test_analysis/projects/eemeter/eemeter/common/utils.py,/mnt/efs/people/urshanto/change_aware_utg/test_analysis/projects/eemeter/tests/daily_model/utilities/test_utils.py,test_median_absolute_deviation,median_absolute_deviation,1,14,[203,217]
eemeter,/mnt/efs/people/urshanto/change_aware_utg/test_analysis/projects/eemeter/eemeter/common/utils.py,/mnt/efs/people/urshanto/change_aware_utg/test_analysis/projects/eemeter/tests/daily_model/utilities/test_utils.py,test_np_clip,np_clip,1,58,[32,90]
eemeter,/mnt/efs/people/urshanto/change_aware_utg/test_analysis/projects/eemeter/eemeter/common/utils.py,/mnt/efs/people/urshanto/change_aware_utg/test_analysis/projects/eemeter/tests/daily_model/utilities/test_utils.py,test_t_stat,t_stat,1,20,[155,175]
eemeter,/mnt/efs/people/urshanto/change_aware_utg/test_analysis/projects/eemeter/eemeter/common/utils.py,/mnt/efs/people/urshanto/change_aware_utg/test_analysis/projects/eemeter/tests/daily_model/utilities/test_utils.py,test_unc_factor,unc_factor,1,17,[178,195]
eemeter,/mnt/efs/people/urshanto/change_aware_utg/test_analysis/projects/eemeter/eemeter/eemeter/models/hourly/design_matrices.py,/mnt/efs/people/urshanto/change_aware_utg/test_analysis/projects/eemeter/tests/test_caltrack_design_matrices.py,test_create_caltrack_billing_design_matrix,create_caltrack_billing_design_matrix,1,34,[81,115]
eemeter,/mnt/efs/people/urshanto/change_aware_utg/test_analysis/projects/eemeter/eemeter/eemeter/models/hourly/design_matrices.py,/mnt/efs/people/urshanto/change_aware_utg/test_analysis/projects/eemeter/tests/test_caltrack_design_matrices.py,test_create_caltrack_billing_design_matrix_empty_temp,create_caltrack_billing_design_matrix,1,34,[81,115]
eemeter,/mnt/efs/people/urshanto/change_aware_utg/test_analysis/projects/eemeter/eemeter/eemeter/models/hourly/design_matrices.py,/mnt/efs/people/urshanto/change_aware_utg/test_analysis/projects/eemeter/tests/test_caltrack_design_matrices.py,test_create_caltrack_billing_design_matrix_partial_empty_temp,create_caltrack_billing_design_matrix,1,34,[81,115]
eemeter,/mnt/efs/people/urshanto/change_aware_utg/test_analysis/projects/eemeter/eemeter/eemeter/models/hourly/design_matrices.py,/mnt/efs/people/urshanto/change_aware_utg/test_analysis/projects/eemeter/tests/test_caltrack_design_matrices.py,test_create_caltrack_daily_design_matrix,create_caltrack_daily_design_matrix,1,30,[118,148]
eemeter,/mnt/efs/people/urshanto/change_aware_utg/test_analysis/projects/eemeter/eemeter/eemeter/models/hourly/design_matrices.py,/mnt/efs/people/urshanto/change_aware_utg/test_analysis/projects/eemeter/tests/test_caltrack_design_matrices.py,test_create_caltrack_hourly_preliminary_design_matrix,create_caltrack_hourly_preliminary_design_matrix,1,39,[39,78]
eemeter,/mnt/efs/people/urshanto/change_aware_utg/test_analysis/projects/eemeter/eemeter/eemeter/models/hourly/design_matrices.py,/mnt/efs/people/urshanto/change_aware_utg/test_analysis/projects/eemeter/tests/test_caltrack_design_matrices.py,test_create_caltrack_hourly_segmented_design_matrices,create_caltrack_hourly_segmented_design_matrices,1,43,[151,194]
eemeter,/mnt/efs/people/urshanto/change_aware_utg/test_analysis/projects/eemeter/eemeter/eemeter/models/hourly/model.py,/mnt/efs/people/urshanto/change_aware_utg/test_analysis/projects/eemeter/tests/test_caltrack_hourly.py,test_caltrack_hourly_fit_feature_processor,caltrack_hourly_fit_feature_processor,1,84,[323,407]
eemeter,/mnt/efs/people/urshanto/change_aware_utg/test_analysis/projects/eemeter/eemeter/eemeter/models/hourly/model.py,/mnt/efs/people/urshanto/change_aware_utg/test_analysis/projects/eemeter/tests/test_caltrack_hourly.py,test_caltrack_hourly_prediction_feature_processor,caltrack_hourly_prediction_feature_processor,1,89,[410,499]
eemeter,/mnt/efs/people/urshanto/change_aware_utg/test_analysis/projects/eemeter/eemeter/eemeter/models/hourly/model.py,/mnt/efs/people/urshanto/change_aware_utg/test_analysis/projects/eemeter/tests/test_caltrack_hourly.py,test_fit_caltrack_hourly_model,fit_caltrack_hourly_model,1,54,[575,629]
eemeter,/mnt/efs/people/urshanto/change_aware_utg/test_analysis/projects/eemeter/eemeter/eemeter/models/hourly/model.py,/mnt/efs/people/urshanto/change_aware_utg/test_analysis/projects/eemeter/tests/test_caltrack_hourly.py,test_fit_caltrack_hourly_model_nans_less_than_week_fit,fit_caltrack_hourly_model,1,54,[575,629]
eemeter,/mnt/efs/people/urshanto/change_aware_utg/test_analysis/projects/eemeter/eemeter/eemeter/models/hourly/model.py,/mnt/efs/people/urshanto/change_aware_utg/test_analysis/projects/eemeter/tests/test_caltrack_hourly.py,test_fit_caltrack_hourly_model_nans_less_than_week_predict,fit_caltrack_hourly_model,1,54,[575,629]
eemeter,/mnt/efs/people/urshanto/change_aware_utg/test_analysis/projects/eemeter/eemeter/eemeter/models/hourly/model.py,/mnt/efs/people/urshanto/change_aware_utg/test_analysis/projects/eemeter/tests/test_caltrack_hourly.py,test_fit_caltrack_hourly_model_segment,fit_caltrack_hourly_model_segment,1,70,[502,572]
eemeter,/mnt/efs/people/urshanto/change_aware_utg/test_analysis/projects/eemeter/eemeter/eemeter/models/hourly/model.py,/mnt/efs/people/urshanto/change_aware_utg/test_analysis/projects/eemeter/tests/test_caltrack_hourly.py,test_fit_caltrack_hourly_model_segment_single_mode,fit_caltrack_hourly_model_segment,1,70,[502,572]
eemeter,/mnt/efs/people/urshanto/change_aware_utg/test_analysis/projects/eemeter/eemeter/eemeter/models/hourly/model.py,/mnt/efs/people/urshanto/change_aware_utg/test_analysis/projects/eemeter/tests/test_caltrack_hourly.py,test_predict_caltrack_hourly_model_empty_models,fit_caltrack_hourly_model,1,54,[575,629]
eemeter,/mnt/efs/people/urshanto/change_aware_utg/test_analysis/projects/eemeter/eemeter/eemeter/models/hourly/model.py,/mnt/efs/people/urshanto/change_aware_utg/test_analysis/projects/eemeter/tests/test_caltrack_hourly.py,test_serialize_caltrack_hourly_model,fit_caltrack_hourly_model,1,54,[575,629]
eemeter,/mnt/efs/people/urshanto/change_aware_utg/test_analysis/projects/eemeter/eemeter/eemeter/models/hourly/derivatives.py,/mnt/efs/people/urshanto/change_aware_utg/test_analysis/projects/eemeter/tests/test_derivatives.py,test_metered_savings_cdd_hdd_hourly,metered_savings,1,101,[155,256]
eemeter,/mnt/efs/people/urshanto/change_aware_utg/test_analysis/projects/eemeter/eemeter/eemeter/models/hourly/derivatives.py,/mnt/efs/people/urshanto/change_aware_utg/test_analysis/projects/eemeter/tests/test_derivatives.py,test_modeled_savings_cdd_hdd_hourly,modeled_savings,1,109,[367,476]
eemeter,/mnt/efs/people/urshanto/change_aware_utg/test_analysis/projects/eemeter/eemeter/eemeter/common/features.py,/mnt/efs/people/urshanto/change_aware_utg/test_analysis/projects/eemeter/tests/test_features.py,test_compute_occupancy_feature,compute_occupancy_feature,1,22,[865,887]
eemeter,/mnt/efs/people/urshanto/change_aware_utg/test_analysis/projects/eemeter/eemeter/eemeter/common/features.py,/mnt/efs/people/urshanto/change_aware_utg/test_analysis/projects/eemeter/tests/test_features.py,test_compute_occupancy_feature_hour_of_week_has_nan,compute_occupancy_feature,1,22,[865,887]
eemeter,/mnt/efs/people/urshanto/change_aware_utg/test_analysis/projects/eemeter/eemeter/eemeter/common/features.py,/mnt/efs/people/urshanto/change_aware_utg/test_analysis/projects/eemeter/tests/test_features.py,test_compute_temperature_bin_features,compute_temperature_bin_features,1,49,[813,862]
eemeter,/mnt/efs/people/urshanto/change_aware_utg/test_analysis/projects/eemeter/eemeter/eemeter/common/features.py,/mnt/efs/people/urshanto/change_aware_utg/test_analysis/projects/eemeter/tests/test_features.py,test_compute_temperature_features_billing_bimonthly_daily_degree_days,compute_temperature_features,1,246,[299,545]
eemeter,/mnt/efs/people/urshanto/change_aware_utg/test_analysis/projects/eemeter/eemeter/eemeter/common/features.py,/mnt/efs/people/urshanto/change_aware_utg/test_analysis/projects/eemeter/tests/test_features.py,test_compute_temperature_features_billing_bimonthly_data_quality,compute_temperature_features,1,246,[299,545]
eemeter,/mnt/efs/people/urshanto/change_aware_utg/test_analysis/projects/eemeter/eemeter/eemeter/common/features.py,/mnt/efs/people/urshanto/change_aware_utg/test_analysis/projects/eemeter/tests/test_features.py,test_compute_temperature_features_billing_bimonthly_hourly_degree_days,compute_temperature_features,1,246,[299,545]
eemeter,/mnt/efs/people/urshanto/change_aware_utg/test_analysis/projects/eemeter/eemeter/eemeter/common/features.py,/mnt/efs/people/urshanto/change_aware_utg/test_analysis/projects/eemeter/tests/test_features.py,test_compute_temperature_features_billing_bimonthly_temp_mean,compute_temperature_features,1,246,[299,545]
eemeter,/mnt/efs/people/urshanto/change_aware_utg/test_analysis/projects/eemeter/eemeter/eemeter/common/features.py,/mnt/efs/people/urshanto/change_aware_utg/test_analysis/projects/eemeter/tests/test_features.py,test_compute_temperature_features_billing_monthly_daily_degree_days,compute_temperature_features,1,246,[299,545]
eemeter,/mnt/efs/people/urshanto/change_aware_utg/test_analysis/projects/eemeter/eemeter/eemeter/common/features.py,/mnt/efs/people/urshanto/change_aware_utg/test_analysis/projects/eemeter/tests/test_features.py,test_compute_temperature_features_billing_monthly_daily_degree_days_use_mean_false,compute_temperature_features,1,246,[299,545]
eemeter,/mnt/efs/people/urshanto/change_aware_utg/test_analysis/projects/eemeter/eemeter/eemeter/common/features.py,/mnt/efs/people/urshanto/change_aware_utg/test_analysis/projects/eemeter/tests/test_features.py,test_compute_temperature_features_billing_monthly_data_quality,compute_temperature_features,1,246,[299,545]
eemeter,/mnt/efs/people/urshanto/change_aware_utg/test_analysis/projects/eemeter/eemeter/eemeter/common/features.py,/mnt/efs/people/urshanto/change_aware_utg/test_analysis/projects/eemeter/tests/test_features.py,test_compute_temperature_features_billing_monthly_hourly_degree_days,compute_temperature_features,1,246,[299,545]
eemeter,/mnt/efs/people/urshanto/change_aware_utg/test_analysis/projects/eemeter/eemeter/eemeter/common/features.py,/mnt/efs/people/urshanto/change_aware_utg/test_analysis/projects/eemeter/tests/test_features.py,test_compute_temperature_features_billing_monthly_hourly_degree_days_use_mean_false,compute_temperature_features,1,246,[299,545]
eemeter,/mnt/efs/people/urshanto/change_aware_utg/test_analysis/projects/eemeter/eemeter/eemeter/common/features.py,/mnt/efs/people/urshanto/change_aware_utg/test_analysis/projects/eemeter/tests/test_features.py,test_compute_temperature_features_billing_monthly_temp_mean,compute_temperature_features,1,246,[299,545]
eemeter,/mnt/efs/people/urshanto/change_aware_utg/test_analysis/projects/eemeter/eemeter/eemeter/common/features.py,/mnt/efs/people/urshanto/change_aware_utg/test_analysis/projects/eemeter/tests/test_features.py,test_compute_temperature_features_daily_daily_degree_days,compute_temperature_features,1,246,[299,545]
eemeter,/mnt/efs/people/urshanto/change_aware_utg/test_analysis/projects/eemeter/eemeter/eemeter/common/features.py,/mnt/efs/people/urshanto/change_aware_utg/test_analysis/projects/eemeter/tests/test_features.py,test_compute_temperature_features_daily_daily_degree_days_use_mean_false,compute_temperature_features,1,246,[299,545]
eemeter,/mnt/efs/people/urshanto/change_aware_utg/test_analysis/projects/eemeter/eemeter/eemeter/common/features.py,/mnt/efs/people/urshanto/change_aware_utg/test_analysis/projects/eemeter/tests/test_features.py,test_compute_temperature_features_daily_data_quality,compute_temperature_features,1,246,[299,545]
eemeter,/mnt/efs/people/urshanto/change_aware_utg/test_analysis/projects/eemeter/eemeter/eemeter/common/features.py,/mnt/efs/people/urshanto/change_aware_utg/test_analysis/projects/eemeter/tests/test_features.py,test_compute_temperature_features_daily_hourly_degree_days,compute_temperature_features,1,246,[299,545]
eemeter,/mnt/efs/people/urshanto/change_aware_utg/test_analysis/projects/eemeter/eemeter/eemeter/common/features.py,/mnt/efs/people/urshanto/change_aware_utg/test_analysis/projects/eemeter/tests/test_features.py,test_compute_temperature_features_daily_hourly_degree_days_use_mean_false,compute_temperature_features,1,246,[299,545]
eemeter,/mnt/efs/people/urshanto/change_aware_utg/test_analysis/projects/eemeter/eemeter/eemeter/common/features.py,/mnt/efs/people/urshanto/change_aware_utg/test_analysis/projects/eemeter/tests/test_features.py,test_compute_temperature_features_daily_temp_mean,compute_temperature_features,1,246,[299,545]
eemeter,/mnt/efs/people/urshanto/change_aware_utg/test_analysis/projects/eemeter/eemeter/eemeter/common/features.py,/mnt/efs/people/urshanto/change_aware_utg/test_analysis/projects/eemeter/tests/test_features.py,test_compute_temperature_features_empty_meter_data,compute_temperature_features,1,246,[299,545]
eemeter,/mnt/efs/people/urshanto/change_aware_utg/test_analysis/projects/eemeter/eemeter/eemeter/common/features.py,/mnt/efs/people/urshanto/change_aware_utg/test_analysis/projects/eemeter/tests/test_features.py,test_compute_temperature_features_empty_temperature_data,compute_temperature_features,1,246,[299,545]
eemeter,/mnt/efs/people/urshanto/change_aware_utg/test_analysis/projects/eemeter/eemeter/eemeter/common/features.py,/mnt/efs/people/urshanto/change_aware_utg/test_analysis/projects/eemeter/tests/test_features.py,test_compute_temperature_features_hourly_data_quality,compute_temperature_features,1,246,[299,545]
eemeter,/mnt/efs/people/urshanto/change_aware_utg/test_analysis/projects/eemeter/eemeter/eemeter/common/features.py,/mnt/efs/people/urshanto/change_aware_utg/test_analysis/projects/eemeter/tests/test_features.py,test_compute_temperature_features_hourly_hourly_degree_days,compute_temperature_features,1,246,[299,545]
eemeter,/mnt/efs/people/urshanto/change_aware_utg/test_analysis/projects/eemeter/eemeter/eemeter/common/features.py,/mnt/efs/people/urshanto/change_aware_utg/test_analysis/projects/eemeter/tests/test_features.py,test_compute_temperature_features_hourly_hourly_degree_days_use_mean_false,compute_temperature_features,1,246,[299,545]
eemeter,/mnt/efs/people/urshanto/change_aware_utg/test_analysis/projects/eemeter/eemeter/eemeter/common/features.py,/mnt/efs/people/urshanto/change_aware_utg/test_analysis/projects/eemeter/tests/test_features.py,test_compute_temperature_features_hourly_temp_mean,compute_temperature_features,1,246,[299,545]
eemeter,/mnt/efs/people/urshanto/change_aware_utg/test_analysis/projects/eemeter/eemeter/eemeter/common/features.py,/mnt/efs/people/urshanto/change_aware_utg/test_analysis/projects/eemeter/tests/test_features.py,test_compute_temperature_features_shorter_meter_data,compute_temperature_features,1,246,[299,545]
eemeter,/mnt/efs/people/urshanto/change_aware_utg/test_analysis/projects/eemeter/eemeter/eemeter/common/features.py,/mnt/efs/people/urshanto/change_aware_utg/test_analysis/projects/eemeter/tests/test_features.py,test_compute_temperature_features_shorter_temperature_data,compute_temperature_features,1,246,[299,545]
eemeter,/mnt/efs/people/urshanto/change_aware_utg/test_analysis/projects/eemeter/eemeter/eemeter/common/features.py,/mnt/efs/people/urshanto/change_aware_utg/test_analysis/projects/eemeter/tests/test_features.py,test_compute_temperature_features_with_duplicated_index,compute_temperature_features,1,246,[299,545]
eemeter,/mnt/efs/people/urshanto/change_aware_utg/test_analysis/projects/eemeter/eemeter/eemeter/common/features.py,/mnt/efs/people/urshanto/change_aware_utg/test_analysis/projects/eemeter/tests/test_features.py,test_compute_time_features_all,compute_time_features,1,51,[119,170]
eemeter,/mnt/efs/people/urshanto/change_aware_utg/test_analysis/projects/eemeter/eemeter/eemeter/common/features.py,/mnt/efs/people/urshanto/change_aware_utg/test_analysis/projects/eemeter/tests/test_features.py,test_compute_usage_per_day_feature_billing,compute_usage_per_day_feature,1,18,[72,90]
eemeter,/mnt/efs/people/urshanto/change_aware_utg/test_analysis/projects/eemeter/eemeter/eemeter/common/features.py,/mnt/efs/people/urshanto/change_aware_utg/test_analysis/projects/eemeter/tests/test_features.py,test_compute_usage_per_day_feature_daily,compute_usage_per_day_feature,1,18,[72,90]
eemeter,/mnt/efs/people/urshanto/change_aware_utg/test_analysis/projects/eemeter/eemeter/eemeter/common/features.py,/mnt/efs/people/urshanto/change_aware_utg/test_analysis/projects/eemeter/tests/test_features.py,test_compute_usage_per_day_feature_hourly,compute_usage_per_day_feature,1,18,[72,90]
eemeter,/mnt/efs/people/urshanto/change_aware_utg/test_analysis/projects/eemeter/eemeter/eemeter/common/features.py,/mnt/efs/people/urshanto/change_aware_utg/test_analysis/projects/eemeter/tests/test_features.py,test_compute_usage_per_day_feature_hourly_series_name,compute_usage_per_day_feature,1,18,[72,90]
eemeter,/mnt/efs/people/urshanto/change_aware_utg/test_analysis/projects/eemeter/eemeter/eemeter/common/features.py,/mnt/efs/people/urshanto/change_aware_utg/test_analysis/projects/eemeter/tests/test_features.py,test_estimate_hour_of_week_occupancy_no_segmentation,estimate_hour_of_week_occupancy,1,39,[582,621]
eemeter,/mnt/efs/people/urshanto/change_aware_utg/test_analysis/projects/eemeter/eemeter/eemeter/common/features.py,/mnt/efs/people/urshanto/change_aware_utg/test_analysis/projects/eemeter/tests/test_features.py,test_estimate_hour_of_week_occupancy_one_month_segmentation,estimate_hour_of_week_occupancy,1,39,[582,621]
eemeter,/mnt/efs/people/urshanto/change_aware_utg/test_analysis/projects/eemeter/eemeter/eemeter/common/features.py,/mnt/efs/people/urshanto/change_aware_utg/test_analysis/projects/eemeter/tests/test_features.py,test_fit_temperature_bins_empty,fit_temperature_bins,1,128,[681,809]
eemeter,/mnt/efs/people/urshanto/change_aware_utg/test_analysis/projects/eemeter/eemeter/eemeter/common/features.py,/mnt/efs/people/urshanto/change_aware_utg/test_analysis/projects/eemeter/tests/test_features.py,test_fit_temperature_bins_no_segmentation,fit_temperature_bins,1,128,[681,809]
eemeter,/mnt/efs/people/urshanto/change_aware_utg/test_analysis/projects/eemeter/eemeter/eemeter/common/features.py,/mnt/efs/people/urshanto/change_aware_utg/test_analysis/projects/eemeter/tests/test_features.py,test_fit_temperature_bins_no_segmentation_with_occupancy,fit_temperature_bins,1,128,[681,809]
eemeter,/mnt/efs/people/urshanto/change_aware_utg/test_analysis/projects/eemeter/eemeter/eemeter/common/features.py,/mnt/efs/people/urshanto/change_aware_utg/test_analysis/projects/eemeter/tests/test_features.py,test_fit_temperature_bins_one_month_segmentation,fit_temperature_bins,1,128,[681,809]
eemeter,/mnt/efs/people/urshanto/change_aware_utg/test_analysis/projects/eemeter/eemeter/eemeter/common/features.py,/mnt/efs/people/urshanto/change_aware_utg/test_analysis/projects/eemeter/tests/test_features.py,test_fit_temperature_bins_with_occupancy_lookup,fit_temperature_bins,1,128,[681,809]
eemeter,/mnt/efs/people/urshanto/change_aware_utg/test_analysis/projects/eemeter/eemeter/eemeter/common/features.py,/mnt/efs/people/urshanto/change_aware_utg/test_analysis/projects/eemeter/tests/test_features.py,test_get_missing_hours_of_week_warning_ok,get_missing_hours_of_week_warning,1,23,[93,116]
eemeter,/mnt/efs/people/urshanto/change_aware_utg/test_analysis/projects/eemeter/eemeter/eemeter/common/features.py,/mnt/efs/people/urshanto/change_aware_utg/test_analysis/projects/eemeter/tests/test_features.py,test_get_missing_hours_of_week_warning_triggered,get_missing_hours_of_week_warning,1,23,[93,116]
eemeter,/mnt/efs/people/urshanto/change_aware_utg/test_analysis/projects/eemeter/eemeter/eemeter/common/features.py,/mnt/efs/people/urshanto/change_aware_utg/test_analysis/projects/eemeter/tests/test_features.py,test_merge_features,merge_features,1,28,[41,69]
eemeter,/mnt/efs/people/urshanto/change_aware_utg/test_analysis/projects/eemeter/eemeter/eemeter/utilities/io.py,/mnt/efs/people/urshanto/change_aware_utg/test_analysis/projects/eemeter/tests/test_io.py,test_meter_data_from_csv,meter_data_from_csv,1,65,[33,98]
eemeter,/mnt/efs/people/urshanto/change_aware_utg/test_analysis/projects/eemeter/eemeter/eemeter/utilities/io.py,/mnt/efs/people/urshanto/change_aware_utg/test_analysis/projects/eemeter/tests/test_io.py,test_meter_data_from_csv_custom_columns,meter_data_from_csv,1,65,[33,98]
eemeter,/mnt/efs/people/urshanto/change_aware_utg/test_analysis/projects/eemeter/eemeter/eemeter/utilities/io.py,/mnt/efs/people/urshanto/change_aware_utg/test_analysis/projects/eemeter/tests/test_io.py,test_meter_data_from_csv_daily_freq,meter_data_from_csv,1,65,[33,98]
eemeter,/mnt/efs/people/urshanto/change_aware_utg/test_analysis/projects/eemeter/eemeter/eemeter/utilities/io.py,/mnt/efs/people/urshanto/change_aware_utg/test_analysis/projects/eemeter/tests/test_io.py,test_meter_data_from_csv_gzipped,meter_data_from_csv,1,65,[33,98]
eemeter,/mnt/efs/people/urshanto/change_aware_utg/test_analysis/projects/eemeter/eemeter/eemeter/utilities/io.py,/mnt/efs/people/urshanto/change_aware_utg/test_analysis/projects/eemeter/tests/test_io.py,test_meter_data_from_csv_hourly_freq,meter_data_from_csv,1,65,[33,98]
eemeter,/mnt/efs/people/urshanto/change_aware_utg/test_analysis/projects/eemeter/eemeter/eemeter/utilities/io.py,/mnt/efs/people/urshanto/change_aware_utg/test_analysis/projects/eemeter/tests/test_io.py,test_meter_data_from_csv_with_tz,meter_data_from_csv,1,65,[33,98]
eemeter,/mnt/efs/people/urshanto/change_aware_utg/test_analysis/projects/eemeter/eemeter/eemeter/utilities/io.py,/mnt/efs/people/urshanto/change_aware_utg/test_analysis/projects/eemeter/tests/test_io.py,test_meter_data_from_json_none,meter_data_from_json,1,75,[166,241]
eemeter,/mnt/efs/people/urshanto/change_aware_utg/test_analysis/projects/eemeter/eemeter/eemeter/utilities/io.py,/mnt/efs/people/urshanto/change_aware_utg/test_analysis/projects/eemeter/tests/test_io.py,test_meter_data_from_json_orient_list,meter_data_from_json,1,75,[166,241]
eemeter,/mnt/efs/people/urshanto/change_aware_utg/test_analysis/projects/eemeter/eemeter/eemeter/utilities/io.py,/mnt/efs/people/urshanto/change_aware_utg/test_analysis/projects/eemeter/tests/test_io.py,test_meter_data_from_json_orient_list_empty,meter_data_from_json,1,75,[166,241]
eemeter,/mnt/efs/people/urshanto/change_aware_utg/test_analysis/projects/eemeter/eemeter/eemeter/utilities/io.py,/mnt/efs/people/urshanto/change_aware_utg/test_analysis/projects/eemeter/tests/test_io.py,test_meter_data_from_json_orient_records,meter_data_from_json,1,75,[166,241]
eemeter,/mnt/efs/people/urshanto/change_aware_utg/test_analysis/projects/eemeter/eemeter/eemeter/utilities/io.py,/mnt/efs/people/urshanto/change_aware_utg/test_analysis/projects/eemeter/tests/test_io.py,test_meter_data_from_json_orient_records_empty,meter_data_from_json,1,75,[166,241]
eemeter,/mnt/efs/people/urshanto/change_aware_utg/test_analysis/projects/eemeter/eemeter/eemeter/utilities/io.py,/mnt/efs/people/urshanto/change_aware_utg/test_analysis/projects/eemeter/tests/test_io.py,test_meter_data_from_json_orient_records_with_estimated_false,meter_data_from_json,1,75,[166,241]
eemeter,/mnt/efs/people/urshanto/change_aware_utg/test_analysis/projects/eemeter/eemeter/eemeter/utilities/io.py,/mnt/efs/people/urshanto/change_aware_utg/test_analysis/projects/eemeter/tests/test_io.py,test_meter_data_from_json_orient_records_with_estimated_true,meter_data_from_json,1,75,[166,241]
eemeter,/mnt/efs/people/urshanto/change_aware_utg/test_analysis/projects/eemeter/eemeter/eemeter/utilities/io.py,/mnt/efs/people/urshanto/change_aware_utg/test_analysis/projects/eemeter/tests/test_io.py,test_meter_data_to_csv,meter_data_to_csv,1,13,[276,289]
eemeter,/mnt/efs/people/urshanto/change_aware_utg/test_analysis/projects/eemeter/eemeter/eemeter/utilities/io.py,/mnt/efs/people/urshanto/change_aware_utg/test_analysis/projects/eemeter/tests/test_io.py,test_temperature_data_from_csv,temperature_data_from_csv,1,62,[101,163]
eemeter,/mnt/efs/people/urshanto/change_aware_utg/test_analysis/projects/eemeter/eemeter/eemeter/utilities/io.py,/mnt/efs/people/urshanto/change_aware_utg/test_analysis/projects/eemeter/tests/test_io.py,test_temperature_data_from_csv_custom_columns,temperature_data_from_csv,1,62,[101,163]
eemeter,/mnt/efs/people/urshanto/change_aware_utg/test_analysis/projects/eemeter/eemeter/eemeter/utilities/io.py,/mnt/efs/people/urshanto/change_aware_utg/test_analysis/projects/eemeter/tests/test_io.py,test_temperature_data_from_csv_gzipped,temperature_data_from_csv,1,62,[101,163]
eemeter,/mnt/efs/people/urshanto/change_aware_utg/test_analysis/projects/eemeter/eemeter/eemeter/utilities/io.py,/mnt/efs/people/urshanto/change_aware_utg/test_analysis/projects/eemeter/tests/test_io.py,test_temperature_data_from_csv_hourly_freq,temperature_data_from_csv,1,62,[101,163]
eemeter,/mnt/efs/people/urshanto/change_aware_utg/test_analysis/projects/eemeter/eemeter/eemeter/utilities/io.py,/mnt/efs/people/urshanto/change_aware_utg/test_analysis/projects/eemeter/tests/test_io.py,test_temperature_data_from_csv_with_tz,temperature_data_from_csv,1,62,[101,163]
eemeter,/mnt/efs/people/urshanto/change_aware_utg/test_analysis/projects/eemeter/eemeter/eemeter/utilities/io.py,/mnt/efs/people/urshanto/change_aware_utg/test_analysis/projects/eemeter/tests/test_io.py,test_temperature_data_from_json_orient_list,temperature_data_from_json,1,29,[244,273]
eemeter,/mnt/efs/people/urshanto/change_aware_utg/test_analysis/projects/eemeter/eemeter/eemeter/utilities/io.py,/mnt/efs/people/urshanto/change_aware_utg/test_analysis/projects/eemeter/tests/test_io.py,test_temperature_data_to_csv,temperature_data_to_csv,1,14,[292,306]
eemeter,/mnt/efs/people/urshanto/change_aware_utg/test_analysis/projects/eemeter/eemeter/eemeter/models/daily/model.py,/mnt/efs/people/urshanto/change_aware_utg/test_analysis/projects/eemeter/tests/test_json_serialization.py,test_json_billing,to_json,1,1,[292,293]
eemeter,/mnt/efs/people/urshanto/change_aware_utg/test_analysis/projects/eemeter/eemeter/eemeter/models/daily/model.py,/mnt/efs/people/urshanto/change_aware_utg/test_analysis/projects/eemeter/tests/test_json_serialization.py,test_json_daily,to_json,1,1,[292,293]
eemeter,/mnt/efs/people/urshanto/change_aware_utg/test_analysis/projects/eemeter/eemeter/eemeter/models/daily/model.py,/mnt/efs/people/urshanto/change_aware_utg/test_analysis/projects/eemeter/tests/test_json_serialization.py,test_json_hourly,to_json,1,1,[292,293]
eemeter,/mnt/efs/people/urshanto/change_aware_utg/test_analysis/projects/eemeter/eemeter/eemeter/samples/load.py,/mnt/efs/people/urshanto/change_aware_utg/test_analysis/projects/eemeter/tests/test_samples.py,test_load_sample_billing_monthly,load_sample,1,55,[49,104]
eemeter,/mnt/efs/people/urshanto/change_aware_utg/test_analysis/projects/eemeter/eemeter/eemeter/samples/load.py,/mnt/efs/people/urshanto/change_aware_utg/test_analysis/projects/eemeter/tests/test_samples.py,test_load_sample_daily,load_sample,1,55,[49,104]
eemeter,/mnt/efs/people/urshanto/change_aware_utg/test_analysis/projects/eemeter/eemeter/eemeter/samples/load.py,/mnt/efs/people/urshanto/change_aware_utg/test_analysis/projects/eemeter/tests/test_samples.py,test_load_sample_hourly,load_sample,1,55,[49,104]
eemeter,/mnt/efs/people/urshanto/change_aware_utg/test_analysis/projects/eemeter/eemeter/eemeter/samples/load.py,/mnt/efs/people/urshanto/change_aware_utg/test_analysis/projects/eemeter/tests/test_samples.py,test_samples,samples,1,9,[37,46]
eemeter,/mnt/efs/people/urshanto/change_aware_utg/test_analysis/projects/eemeter/eemeter/eemeter/models/hourly/segmentation.py,/mnt/efs/people/urshanto/change_aware_utg/test_analysis/projects/eemeter/tests/test_segmentation.py,test_iterate_segmented_dataset_no_segmentation,iterate_segmented_dataset,1,65,[254,319]
eemeter,/mnt/efs/people/urshanto/change_aware_utg/test_analysis/projects/eemeter/eemeter/eemeter/models/hourly/segmentation.py,/mnt/efs/people/urshanto/change_aware_utg/test_analysis/projects/eemeter/tests/test_segmentation.py,test_iterate_segmented_dataset_with_processor,iterate_segmented_dataset,1,65,[254,319]
eemeter,/mnt/efs/people/urshanto/change_aware_utg/test_analysis/projects/eemeter/eemeter/eemeter/models/hourly/segmentation.py,/mnt/efs/people/urshanto/change_aware_utg/test_analysis/projects/eemeter/tests/test_segmentation.py,test_iterate_segmented_dataset_with_segmentation,iterate_segmented_dataset,1,65,[254,319]
eemeter,/mnt/efs/people/urshanto/change_aware_utg/test_analysis/projects/eemeter/eemeter/eemeter/models/hourly/segmentation.py,/mnt/efs/people/urshanto/change_aware_utg/test_analysis/projects/eemeter/tests/test_segmentation.py,test_segment_time_series_drop_zero_weight_segments,segment_time_series,1,49,[447,496]
eemeter,/mnt/efs/people/urshanto/change_aware_utg/test_analysis/projects/eemeter/eemeter/eemeter/models/hourly/segmentation.py,/mnt/efs/people/urshanto/change_aware_utg/test_analysis/projects/eemeter/tests/test_segmentation.py,test_segment_time_series_one_month,segment_time_series,1,49,[447,496]
eemeter,/mnt/efs/people/urshanto/change_aware_utg/test_analysis/projects/eemeter/eemeter/eemeter/models/hourly/segmentation.py,/mnt/efs/people/urshanto/change_aware_utg/test_analysis/projects/eemeter/tests/test_segmentation.py,test_segment_time_series_single,segment_time_series,1,49,[447,496]
eemeter,/mnt/efs/people/urshanto/change_aware_utg/test_analysis/projects/eemeter/eemeter/eemeter/models/hourly/segmentation.py,/mnt/efs/people/urshanto/change_aware_utg/test_analysis/projects/eemeter/tests/test_segmentation.py,test_segment_time_series_three_month,segment_time_series,1,49,[447,496]
eemeter,/mnt/efs/people/urshanto/change_aware_utg/test_analysis/projects/eemeter/eemeter/eemeter/models/hourly/segmentation.py,/mnt/efs/people/urshanto/change_aware_utg/test_analysis/projects/eemeter/tests/test_segmentation.py,test_segment_time_series_three_month_weighted,segment_time_series,1,49,[447,496]
eemeter,/mnt/efs/people/urshanto/change_aware_utg/test_analysis/projects/eemeter/eemeter/eemeter/common/transform.py,/mnt/efs/people/urshanto/change_aware_utg/test_analysis/projects/eemeter/tests/test_transform.py,test_add_freq,add_freq,1,35,[795,830]
eemeter,/mnt/efs/people/urshanto/change_aware_utg/test_analysis/projects/eemeter/eemeter/eemeter/common/data_processor_utilities.py,/mnt/efs/people/urshanto/change_aware_utg/test_analysis/projects/eemeter/tests/test_transform.py,test_as_freq_daily,as_freq,1,116,[184,300]
eemeter,/mnt/efs/people/urshanto/change_aware_utg/test_analysis/projects/eemeter/eemeter/eemeter/common/data_processor_utilities.py,/mnt/efs/people/urshanto/change_aware_utg/test_analysis/projects/eemeter/tests/test_transform.py,test_as_freq_daily_all_nones,as_freq,1,116,[184,300]
eemeter,/mnt/efs/people/urshanto/change_aware_utg/test_analysis/projects/eemeter/eemeter/eemeter/common/data_processor_utilities.py,/mnt/efs/people/urshanto/change_aware_utg/test_analysis/projects/eemeter/tests/test_transform.py,test_as_freq_daily_all_nones_instantaneous,as_freq,1,116,[184,300]
eemeter,/mnt/efs/people/urshanto/change_aware_utg/test_analysis/projects/eemeter/eemeter/eemeter/common/data_processor_utilities.py,/mnt/efs/people/urshanto/change_aware_utg/test_analysis/projects/eemeter/tests/test_transform.py,test_as_freq_daily_temperature,as_freq,1,116,[184,300]
eemeter,/mnt/efs/people/urshanto/change_aware_utg/test_analysis/projects/eemeter/eemeter/eemeter/common/data_processor_utilities.py,/mnt/efs/people/urshanto/change_aware_utg/test_analysis/projects/eemeter/tests/test_transform.py,test_as_freq_daily_temperature_monthly,as_freq,1,116,[184,300]
eemeter,/mnt/efs/people/urshanto/change_aware_utg/test_analysis/projects/eemeter/eemeter/eemeter/common/data_processor_utilities.py,/mnt/efs/people/urshanto/change_aware_utg/test_analysis/projects/eemeter/tests/test_transform.py,test_as_freq_daily_to_daily,as_freq,1,116,[184,300]
eemeter,/mnt/efs/people/urshanto/change_aware_utg/test_analysis/projects/eemeter/eemeter/eemeter/common/data_processor_utilities.py,/mnt/efs/people/urshanto/change_aware_utg/test_analysis/projects/eemeter/tests/test_transform.py,test_as_freq_empty,as_freq,1,116,[184,300]
eemeter,/mnt/efs/people/urshanto/change_aware_utg/test_analysis/projects/eemeter/eemeter/eemeter/common/data_processor_utilities.py,/mnt/efs/people/urshanto/change_aware_utg/test_analysis/projects/eemeter/tests/test_transform.py,test_as_freq_hourly,as_freq,1,116,[184,300]
eemeter,/mnt/efs/people/urshanto/change_aware_utg/test_analysis/projects/eemeter/eemeter/eemeter/common/data_processor_utilities.py,/mnt/efs/people/urshanto/change_aware_utg/test_analysis/projects/eemeter/tests/test_transform.py,test_as_freq_hourly_temperature,as_freq,1,116,[184,300]
eemeter,/mnt/efs/people/urshanto/change_aware_utg/test_analysis/projects/eemeter/eemeter/eemeter/common/data_processor_utilities.py,/mnt/efs/people/urshanto/change_aware_utg/test_analysis/projects/eemeter/tests/test_transform.py,test_as_freq_hourly_to_daily,as_freq,1,116,[184,300]
eemeter,/mnt/efs/people/urshanto/change_aware_utg/test_analysis/projects/eemeter/eemeter/eemeter/common/data_processor_utilities.py,/mnt/efs/people/urshanto/change_aware_utg/test_analysis/projects/eemeter/tests/test_transform.py,test_as_freq_hourly_to_daily_include_coverage,as_freq,1,116,[184,300]
eemeter,/mnt/efs/people/urshanto/change_aware_utg/test_analysis/projects/eemeter/eemeter/eemeter/common/data_processor_utilities.py,/mnt/efs/people/urshanto/change_aware_utg/test_analysis/projects/eemeter/tests/test_transform.py,test_as_freq_month_start,as_freq,1,116,[184,300]
eemeter,/mnt/efs/people/urshanto/change_aware_utg/test_analysis/projects/eemeter/eemeter/eemeter/common/data_processor_utilities.py,/mnt/efs/people/urshanto/change_aware_utg/test_analysis/projects/eemeter/tests/test_transform.py,test_as_freq_month_start_temperature,as_freq,1,116,[184,300]
eemeter,/mnt/efs/people/urshanto/change_aware_utg/test_analysis/projects/eemeter/eemeter/eemeter/common/data_processor_utilities.py,/mnt/efs/people/urshanto/change_aware_utg/test_analysis/projects/eemeter/tests/test_transform.py,test_as_freq_not_series,as_freq,1,116,[184,300]
eemeter,/mnt/efs/people/urshanto/change_aware_utg/test_analysis/projects/eemeter/eemeter/eemeter/common/data_processor_utilities.py,/mnt/efs/people/urshanto/change_aware_utg/test_analysis/projects/eemeter/tests/test_transform.py,test_as_freq_perserves_nulls,as_freq,1,116,[184,300]
eemeter,/mnt/efs/people/urshanto/change_aware_utg/test_analysis/projects/eemeter/eemeter/eemeter/common/transform.py,/mnt/efs/people/urshanto/change_aware_utg/test_analysis/projects/eemeter/tests/test_transform.py,test_clean_caltrack_billing_daily_data_billing,clean_caltrack_billing_daily_data,1,11,[781,792]
eemeter,/mnt/efs/people/urshanto/change_aware_utg/test_analysis/projects/eemeter/eemeter/eemeter/common/transform.py,/mnt/efs/people/urshanto/change_aware_utg/test_analysis/projects/eemeter/tests/test_transform.py,test_clean_caltrack_billing_daily_data_daily,clean_caltrack_billing_daily_data,1,11,[781,792]
eemeter,/mnt/efs/people/urshanto/change_aware_utg/test_analysis/projects/eemeter/eemeter/eemeter/common/transform.py,/mnt/efs/people/urshanto/change_aware_utg/test_analysis/projects/eemeter/tests/test_transform.py,test_clean_caltrack_billing_daily_data_daily_local_tz,clean_caltrack_billing_daily_data,1,11,[781,792]
eemeter,/mnt/efs/people/urshanto/change_aware_utg/test_analysis/projects/eemeter/eemeter/eemeter/common/transform.py,/mnt/efs/people/urshanto/change_aware_utg/test_analysis/projects/eemeter/tests/test_transform.py,test_clean_caltrack_billing_daily_data_hourly,clean_caltrack_billing_daily_data,1,11,[781,792]
eemeter,/mnt/efs/people/urshanto/change_aware_utg/test_analysis/projects/eemeter/eemeter/eemeter/common/transform.py,/mnt/efs/people/urshanto/change_aware_utg/test_analysis/projects/eemeter/tests/test_transform.py,test_clean_caltrack_billing_data_estimated,clean_caltrack_billing_data,1,79,[687,766]
eemeter,/mnt/efs/people/urshanto/change_aware_utg/test_analysis/projects/eemeter/eemeter/eemeter/common/transform.py,/mnt/efs/people/urshanto/change_aware_utg/test_analysis/projects/eemeter/tests/test_transform.py,test_clean_caltrack_billing_data_uneven_datetimes,clean_caltrack_billing_data,1,79,[687,766]
eemeter,/mnt/efs/people/urshanto/change_aware_utg/test_analysis/projects/eemeter/eemeter/eemeter/common/transform.py,/mnt/efs/people/urshanto/change_aware_utg/test_analysis/projects/eemeter/tests/test_transform.py,test_clean_caltrack_daily_data_hourly,downsample_and_clean_caltrack_daily_data,1,9,[769,778]
eemeter,/mnt/efs/people/urshanto/change_aware_utg/test_analysis/projects/eemeter/eemeter/eemeter/common/transform.py,/mnt/efs/people/urshanto/change_aware_utg/test_analysis/projects/eemeter/tests/test_transform.py,test_clean_caltrack_daily_data_hourly_local_tz,downsample_and_clean_caltrack_daily_data,1,9,[769,778]
eemeter,/mnt/efs/people/urshanto/change_aware_utg/test_analysis/projects/eemeter/eemeter/eemeter/common/data_processor_utilities.py,/mnt/efs/people/urshanto/change_aware_utg/test_analysis/projects/eemeter/tests/test_transform.py,test_day_counts,day_counts,1,23,[48,71]
eemeter,/mnt/efs/people/urshanto/change_aware_utg/test_analysis/projects/eemeter/eemeter/eemeter/common/data_processor_utilities.py,/mnt/efs/people/urshanto/change_aware_utg/test_analysis/projects/eemeter/tests/test_transform.py,test_day_counts_empty_series,day_counts,1,23,[48,71]
eemeter,/mnt/efs/people/urshanto/change_aware_utg/test_analysis/projects/eemeter/eemeter/eemeter/common/transform.py,/mnt/efs/people/urshanto/change_aware_utg/test_analysis/projects/eemeter/tests/test_transform.py,test_format_energy_data_for_caltrack_billing,format_energy_data_for_caltrack,1,47,[929,976]
eemeter,/mnt/efs/people/urshanto/change_aware_utg/test_analysis/projects/eemeter/eemeter/eemeter/common/transform.py,/mnt/efs/people/urshanto/change_aware_utg/test_analysis/projects/eemeter/tests/test_transform.py,test_format_energy_data_for_caltrack_daily,format_energy_data_for_caltrack,1,47,[929,976]
eemeter,/mnt/efs/people/urshanto/change_aware_utg/test_analysis/projects/eemeter/eemeter/eemeter/common/transform.py,/mnt/efs/people/urshanto/change_aware_utg/test_analysis/projects/eemeter/tests/test_transform.py,test_format_energy_data_for_caltrack_hourly,format_energy_data_for_caltrack,1,47,[929,976]
eemeter,/mnt/efs/people/urshanto/change_aware_utg/test_analysis/projects/eemeter/eemeter/eemeter/common/transform.py,/mnt/efs/people/urshanto/change_aware_utg/test_analysis/projects/eemeter/tests/test_transform.py,test_format_temperature_data_for_caltrack,format_temperature_data_for_caltrack,1,23,[979,1002]
eemeter,/mnt/efs/people/urshanto/change_aware_utg/test_analysis/projects/eemeter/eemeter/eemeter/common/transform.py,/mnt/efs/people/urshanto/change_aware_utg/test_analysis/projects/eemeter/tests/test_transform.py,test_get_baseline_data,get_baseline_data,1,128,[226,354]
eemeter,/mnt/efs/people/urshanto/change_aware_utg/test_analysis/projects/eemeter/eemeter/eemeter/common/transform.py,/mnt/efs/people/urshanto/change_aware_utg/test_analysis/projects/eemeter/tests/test_transform.py,test_get_baseline_data_end_gap,get_baseline_data,1,128,[226,354]
eemeter,/mnt/efs/people/urshanto/change_aware_utg/test_analysis/projects/eemeter/eemeter/eemeter/common/transform.py,/mnt/efs/people/urshanto/change_aware_utg/test_analysis/projects/eemeter/tests/test_transform.py,test_get_baseline_data_n_days_billing_period_overshoot,get_baseline_data,1,128,[226,354]
eemeter,/mnt/efs/people/urshanto/change_aware_utg/test_analysis/projects/eemeter/eemeter/eemeter/common/transform.py,/mnt/efs/people/urshanto/change_aware_utg/test_analysis/projects/eemeter/tests/test_transform.py,test_get_baseline_data_start_gap,get_baseline_data,1,128,[226,354]
eemeter,/mnt/efs/people/urshanto/change_aware_utg/test_analysis/projects/eemeter/eemeter/eemeter/common/transform.py,/mnt/efs/people/urshanto/change_aware_utg/test_analysis/projects/eemeter/tests/test_transform.py,test_get_baseline_data_too_far_from_date,get_baseline_data,1,128,[226,354]
eemeter,/mnt/efs/people/urshanto/change_aware_utg/test_analysis/projects/eemeter/eemeter/eemeter/common/transform.py,/mnt/efs/people/urshanto/change_aware_utg/test_analysis/projects/eemeter/tests/test_transform.py,test_get_baseline_data_with_end,get_baseline_data,1,128,[226,354]
eemeter,/mnt/efs/people/urshanto/change_aware_utg/test_analysis/projects/eemeter/eemeter/eemeter/common/transform.py,/mnt/efs/people/urshanto/change_aware_utg/test_analysis/projects/eemeter/tests/test_transform.py,test_get_baseline_data_with_end_no_max_days,get_baseline_data,1,128,[226,354]
eemeter,/mnt/efs/people/urshanto/change_aware_utg/test_analysis/projects/eemeter/eemeter/eemeter/common/transform.py,/mnt/efs/people/urshanto/change_aware_utg/test_analysis/projects/eemeter/tests/test_transform.py,test_get_baseline_data_with_ignored_gap,get_baseline_data,1,128,[226,354]
eemeter,/mnt/efs/people/urshanto/change_aware_utg/test_analysis/projects/eemeter/eemeter/eemeter/common/transform.py,/mnt/efs/people/urshanto/change_aware_utg/test_analysis/projects/eemeter/tests/test_transform.py,test_get_baseline_data_with_overshoot,get_baseline_data,1,128,[226,354]
eemeter,/mnt/efs/people/urshanto/change_aware_utg/test_analysis/projects/eemeter/eemeter/eemeter/common/transform.py,/mnt/efs/people/urshanto/change_aware_utg/test_analysis/projects/eemeter/tests/test_transform.py,test_get_baseline_data_with_overshoot_and_ignored_gap,get_baseline_data,1,128,[226,354]
eemeter,/mnt/efs/people/urshanto/change_aware_utg/test_analysis/projects/eemeter/eemeter/eemeter/common/transform.py,/mnt/efs/people/urshanto/change_aware_utg/test_analysis/projects/eemeter/tests/test_transform.py,test_get_baseline_data_with_timezones,get_baseline_data,1,128,[226,354]
eemeter,/mnt/efs/people/urshanto/change_aware_utg/test_analysis/projects/eemeter/eemeter/eemeter/common/transform.py,/mnt/efs/people/urshanto/change_aware_utg/test_analysis/projects/eemeter/tests/test_transform.py,test_get_reporting_data,get_reporting_data,1,116,[392,508]
eemeter,/mnt/efs/people/urshanto/change_aware_utg/test_analysis/projects/eemeter/eemeter/eemeter/common/transform.py,/mnt/efs/people/urshanto/change_aware_utg/test_analysis/projects/eemeter/tests/test_transform.py,test_get_reporting_data_end_gap,get_reporting_data,1,116,[392,508]
eemeter,/mnt/efs/people/urshanto/change_aware_utg/test_analysis/projects/eemeter/eemeter/eemeter/common/transform.py,/mnt/efs/people/urshanto/change_aware_utg/test_analysis/projects/eemeter/tests/test_transform.py,test_get_reporting_data_start_gap,get_reporting_data,1,116,[392,508]
eemeter,/mnt/efs/people/urshanto/change_aware_utg/test_analysis/projects/eemeter/eemeter/eemeter/common/transform.py,/mnt/efs/people/urshanto/change_aware_utg/test_analysis/projects/eemeter/tests/test_transform.py,test_get_reporting_data_with_ignored_gap,get_reporting_data,1,116,[392,508]
eemeter,/mnt/efs/people/urshanto/change_aware_utg/test_analysis/projects/eemeter/eemeter/eemeter/common/transform.py,/mnt/efs/people/urshanto/change_aware_utg/test_analysis/projects/eemeter/tests/test_transform.py,test_get_reporting_data_with_overshoot,get_reporting_data,1,116,[392,508]
eemeter,/mnt/efs/people/urshanto/change_aware_utg/test_analysis/projects/eemeter/eemeter/eemeter/common/transform.py,/mnt/efs/people/urshanto/change_aware_utg/test_analysis/projects/eemeter/tests/test_transform.py,test_get_reporting_data_with_overshoot_and_ignored_gap,get_reporting_data,1,116,[392,508]
eemeter,/mnt/efs/people/urshanto/change_aware_utg/test_analysis/projects/eemeter/eemeter/eemeter/common/transform.py,/mnt/efs/people/urshanto/change_aware_utg/test_analysis/projects/eemeter/tests/test_transform.py,test_get_reporting_data_with_start,get_reporting_data,1,116,[392,508]
eemeter,/mnt/efs/people/urshanto/change_aware_utg/test_analysis/projects/eemeter/eemeter/eemeter/common/transform.py,/mnt/efs/people/urshanto/change_aware_utg/test_analysis/projects/eemeter/tests/test_transform.py,test_get_reporting_data_with_start_no_max_days,get_reporting_data,1,116,[392,508]
eemeter,/mnt/efs/people/urshanto/change_aware_utg/test_analysis/projects/eemeter/eemeter/eemeter/common/transform.py,/mnt/efs/people/urshanto/change_aware_utg/test_analysis/projects/eemeter/tests/test_transform.py,test_get_reporting_data_with_timezones,get_reporting_data,1,116,[392,508]
eemeter,/mnt/efs/people/urshanto/change_aware_utg/test_analysis/projects/eemeter/eemeter/eemeter/common/transform.py,/mnt/efs/people/urshanto/change_aware_utg/test_analysis/projects/eemeter/tests/test_transform.py,test_get_terms_custom_term_labels,get_terms,1,109,[575,684]
eemeter,/mnt/efs/people/urshanto/change_aware_utg/test_analysis/projects/eemeter/eemeter/eemeter/common/transform.py,/mnt/efs/people/urshanto/change_aware_utg/test_analysis/projects/eemeter/tests/test_transform.py,test_get_terms_default_term_labels,get_terms,1,109,[575,684]
eemeter,/mnt/efs/people/urshanto/change_aware_utg/test_analysis/projects/eemeter/eemeter/eemeter/common/transform.py,/mnt/efs/people/urshanto/change_aware_utg/test_analysis/projects/eemeter/tests/test_transform.py,test_get_terms_empty_index_input,get_terms,1,109,[575,684]
eemeter,/mnt/efs/people/urshanto/change_aware_utg/test_analysis/projects/eemeter/eemeter/eemeter/common/transform.py,/mnt/efs/people/urshanto/change_aware_utg/test_analysis/projects/eemeter/tests/test_transform.py,test_get_terms_nearest,get_terms,1,109,[575,684]
eemeter,/mnt/efs/people/urshanto/change_aware_utg/test_analysis/projects/eemeter/eemeter/eemeter/common/transform.py,/mnt/efs/people/urshanto/change_aware_utg/test_analysis/projects/eemeter/tests/test_transform.py,test_get_terms_strict,get_terms,1,109,[575,684]
eemeter,/mnt/efs/people/urshanto/change_aware_utg/test_analysis/projects/eemeter/eemeter/eemeter/common/transform.py,/mnt/efs/people/urshanto/change_aware_utg/test_analysis/projects/eemeter/tests/test_transform.py,test_overwrite_partial_rows_with_nan,overwrite_partial_rows_with_nan,1,1,[47,48]
eemeter,/mnt/efs/people/urshanto/change_aware_utg/test_analysis/projects/eemeter/eemeter/eemeter/common/data_processor_utilities.py,/mnt/efs/people/urshanto/change_aware_utg/test_analysis/projects/eemeter/tests/test_transform.py,test_remove_duplicates_df,remove_duplicates,1,14,[31,45]
eemeter,/mnt/efs/people/urshanto/change_aware_utg/test_analysis/projects/eemeter/eemeter/eemeter/common/data_processor_utilities.py,/mnt/efs/people/urshanto/change_aware_utg/test_analysis/projects/eemeter/tests/test_transform.py,test_remove_duplicates_series,remove_duplicates,1,14,[31,45]
eemeter,/mnt/efs/people/urshanto/change_aware_utg/test_analysis/projects/eemeter/eemeter/eemeter/common/transform.py,/mnt/efs/people/urshanto/change_aware_utg/test_analysis/projects/eemeter/tests/test_transform.py,test_trim_two_dataframes,trim,1,55,[833,888]
