#Project Name,Github Link,Commit, Description,Domain,
airtable-python-wrapper,https://github.com/gtalarico/airtable-python-wrapper, 7029671178f2964848104fde3e13e09d37a20edc,[Airtable is a cloud-based platform that combines the features of a spreadsheet and a database- allowing users to store organize and manipulate data in a highly customizable way.simplifies the process of connecting to an Airtable base performing CRUD (Create Read Update Delete) operations and managing data within Airtable from a Python script. ]
billiard,https://github.com/celery/billiard,,[billiard is a fork of the Python 2.7 multiprocessing package.]
hpack,https://github.com/python-hyper/hpack, 02afcab28ca56eb5259904fd414baa89e9f50266,[no-complexity found; maybe tests are written within class][This module contains a pure-Python HTTP/2 header encoding (HPACK) logic for use in Python programs that implement HTTP/2.]
asttokens,https://github.com/gristlabs/asttokens, 2ff0e8d157fa89c22fe16839ab060b33f4c888bd,[ annotates Python abstract syntax trees (ASTs) with the positions of tokens and text in the source code that generated them.]
blessed,https://github.com/jquast/blessed, 167c34e5268cacb4501418e71e9b926b80dfe077,[Blessed is an easy practical library for making terminal apps by providing an elegant well-documented interface to Colors Keyboard input and screen position and Location capabilities.]
cachetools,https://github.com/tkem/cachetools,,[This module provides various memoizing collections and decorators]
click-log,https://github.com/click-contrib/click-log,,[Integrates logging with click]
cssselect,https://github.com/scrapy/cssselect, 15df23ef2176521c45fde954e5476ee2a4696b03,[to find the matching elements in an XML or HTML document.]
ddlparse,https://github.com/shinichi-takii/ddlparse, a1cea99c2fa16c0530744a29a2c819b8e0d05990,[parse and get table schema information]
deprecated,https://github.com/tantale/deprecated, 0e8d80409623dd2ce25275b2b7190b6ff3ffef8f,[decorate your deprecated function with @deprecated decorator]
django-enumfields,https://github.com/hzdg/django-enumfields, bda0a461657a87601d235d78176add73a8875832,[django-enumfields also includes its own version of Enum with a few extra bells and whistles. ]
django-environ,https://github.com/joke2k/django-environ, df301b607f287df049b4efeda14717fcdbe123b1,[django-environ is the Python package that allows you to use Twelve-factor methodology to configure your Django application with environment variables.]
djangorestframework-simplejwt,https://github.com/jazzband/djangorestframework-simplejwt,,[JWT is a JSON Web Token authentication plugin]
dynaconf,https://github.com/dynaconf/dynaconf, 418df8479a9760c26a6c3f7ec2f1f1ebc368a22a,[ Configuration Management for Python]
eemeter,https://github.com/openeemeter/eemeter, 8739241cfbe620257b1879ec18ceb111ca730032,[ an open source toolkit for implementing and developing standard methods for calculating normalized metered energy consumption (NMEC) and avoided energy use.]
freezegun,https://github.com/spulec/freezegun, 5f171db0aaa02c4ade003bbc8885e0bb19efbc81,[FreezeGun is a library that allows your Python tests to travel through time by mocking the datetime module.]
grpclib,https://github.com/vmagamedov/grpclib, b98d2a0f01d8176b198470885132ad280bf8db05,[This project is based on hyper-h2 and requires Python >= 3.8.]
gunicorn,https://github.com/benoitc/gunicorn, 79b9a52cc8cd664f77d43efe173291a5397df130,"[Gunicorn 'Green Unicorn' is a Python WSGI HTTP Server for UNIX. It's a pre-fork worker model ported from Ruby's Unicorn project. The Gunicorn server is broadly compatible with various web frameworks
h2,https://github.com/python-hyper/h2, 0dd0bf2e76b1c7c55f789ba5c790787f30246882,[repository contains a pure-Python implementation of a HTTP/2 protocol stack.]
honcho,https://github.com/nickstenning/honcho, 9eeb9b43e82b45c13de9999a0e65287cfbf384d6,[Honcho is a Python port of Foreman
html2text,https://github.com/Alir3z4/html2text,,[html2text is a Python script that converts a page of HTML into clean
hupper,https://github.com/Pylons/hupper, c9ead074e9b32c2ff2c4f6cb00d50779fc928506,[hupper is an integrated process monitor that will track changes to any imported Python files in sys.modules as well as custom paths. When files are changed the process is restarted.]
hyperframe,https://github.com/python-hyper/hyperframe, 554fcad68beffae57dc8335ed5e02c177bfd6000,[This library contains the HTTP/2 framing code used in the hyper project. It provides a pure-Python codebase that is capable of decoding a binary stream into HTTP/2 frames. This library is used directly by hyper and a number of other projects to provide HTTP/2 frame decoding logic.]
ijson,https://github.com/ICRAR/ijson,,[Ijson is an iterative JSON parser with standard Python iterator interfaces.]
intervals,https://github.com/kvesteri/intervals, 97445fe2d57a98969c0fa8188fae585cc529522a,[Python tools for handling intervals (ranges of comparable objects). Intervals can be initialized using the class constructor
itemadapter,https://github.com/scrapy/itemadapter, 02c72ad949f0bcd0743081c820d51c4591e0b248,[The ItemAdapter class is a wrapper for data container objects
oauthlib,https://github.com/oauthlib/oauthlib, f9a07c6c07d0ddac255dd322ef5fc54a7a46366d,[A generic spec-compliant thorough implementation of the OAuth request-signing logic for Python 3.8+. OAuth often seems complicated and difficult-to-implement. There are several prominent libraries for handling OAuth requests but they all suffer from one or both of the following: They predate the OAuth 1.0 spec AKA RFC 5849. They predate the OAuth 2.0 spec AKA RFC 6749.They assume the usage of a specific HTTP request library. OAuthLib is a framework which implements the logic of OAuth1 or OAuth2 without assuming a specific HTTP request object or web framework. Use it to graft OAuth client support onto your favorite HTTP library or provide support onto your favourite web framework. If you're a maintainer of such a library write a thin veneer on top of OAuthLib and get OAuth support for very little effort.
pastedeploy,https://github.com/Pylons/pastedeploy, c13164986cb62f9d36f39699062c858a4fe01f49,[This tool provides code to load WSGI applications and servers from URIs. These URIs can refer to Python eggs for INI-style configuration files. Paste Script provides commands to serve applications based on this configuration file. The latest version is available on GitHub (or download a wheel or tarball from PyPI).]
pid,https://github.com/trbs/pid, c9d1550ba2ee73231f8e984d75d808c8cc103748,[PidFile class featuring:stale detection.pidfile locking (fcntl).chmod (default is 0o644).chown.custom exceptions.Context Manager
priority,https://github.com/python-hyper/priority, a9d56f011bc39d09607fe0510c8f38f849fecf3b,[Priority is a pure-Python implementation of the priority logic for HTTP/2. set out in RFC 7540 Section 5.3 (Stream Priority). This logic allows for clients to express a preference for how the server allocates its (limited) resources to the many outstanding HTTP requests that may be running over a single HTTP/2 connection.Specifically this Python implementation uses a variant of the implementation used in the excellent H2O project. This original implementation is also the inspiration for nghttp2's priority implementation and generally produces a very clean and even priority stream. The only notable changes from H2O's implementation are small modifications to allow the priority implementation to work cleanly as a separate implementation rather than being embedded in a HTTP/2 stack directly. While priority information in HTTP/2 is only a suggestion rather than an enforceable constraint where possible servers should respect the priority requests of their clients.]
protego,https://github.com/scrapy/protego,,[Protego is a pure-Python robots.txt parser with support for modern conventions.]
pyairtable,https://github.com/gtalarico/pyairtable, 7029671178f2964848104fde3e13e09d37a20edc,[Python client for the Airtable API.]
rfc3986,https://github.com/python-hyper/rfc3986, 75e77baed146976442bb11d4adda0eb322c6a6b5,[A Python implementation of RFC 3986 including validation and authority parsing.]
scrapyd-client,https://github.com/scrapy/scrapyd-client, 10fdf9bb17d0d50b895404f9a5a5d59521d43f66,[Scrapyd-client is a client for Scrapyd. It provides: Command line tools: scrapyd-deploy to deploy your project to a Scrapyd server scrapyd-client to interact with your project once deployed Python client: ScrapydClient to interact with Scrapyd within your python code]
setupmeta,https://github.com/codrsquad/setupmeta, f64bd221b6831a015a5a2da3421ddc581f7b086e,[Writing a setup.py typically involves lots of boilerplate and copy-pasting from project to project. This package aims to simplify that and bring some DRY principle to python packaging. Here's what your (complete and ready to ship to pypi) setup.py could look like with setupmeta.]
solrq,https://github.com/swistakm/solrq,,[solrq is a Python Solr query utility. It helps making query strings for Solr and also helps with escaping reserved characters. solrq is has no external dependencies and is compatibile with python3.7 python3
sqllineage,https://github.com/reata/sqllineage, 6189d312b3f53d4302bb951a3297a06321a53a2d,[SQLLineage comes to the rescue. Given a SQL command SQLLineage will tell you its source and target tables without worrying about Tokens Keyword Identifier and all the jagons used by SQL parsers. Behind the scene SQLLineage pluggable leverages parser library (sqlfluff and sqlparse) to parse the SQL command analyze the AST stores the lineage information in a graph (using graph library networkx) and brings you all the human-readable result with ease.]
sshtunnel,https://github.com/pahaz/sshtunnel,,[API allows either initializing the tunnel and starting it or using a with context which will take care of starting and stopping the tunnel:]
unidecode,https://github.com/avian2/unidecode,,[It often happens that you have text data in Unicode but you need to represent it in ASCII. For example when integrating with legacy code that doesn't support Unicode or for ease of entry of non-Roman names on a US keyboard or when constructing ASCII machine identifiers from human-readable Unicode strings that should still be somewhat intelligible. A popular example of this is when making an URL slug from an article title. Unidecode is not a replacement for fully supporting Unicode for strings in your program. There are a number of caveats that come with its use especially when its output is directly visible to users. Please read the rest of this README before using Unidecode in your project.]
uritools,https://github.com/tkem/uritools,,[This module provides RFC 3986 compliant functions for parsing classifying and composing URIs and URI references largely replacing the Python Standard Library's urllib.parse module.]
virtualenv-clone,https://github.com/edwardgeorge/virtualenv-clone, 1303cd0c0063d3392d6514e5f24779d19c692938,[A script for cloning a non-relocatable virtualenv. Virtualenv provides a way to make virtualenv's relocatable which could then be copied as we wanted. However making a virtualenv relocatable this way breaks the no-site-packages isolation of the virtualenv as well as other aspects that come with relative paths and /usr/bin/env shebangs that may be undesirable. Also the .pth and .egg-link rewriting doesn't seem to work as intended. This attempts to overcome these issues and provide a way to easily clone an existing virtualenv.]
waitress,https://github.com/Pylons/waitress, 4584936eac5838b6d3b07e84a86874fa586ffe6e,[Waitress is a production-quality pure-Python WSGI server with very acceptable performance. It has no dependencies except ones which live in the Python standard library. It runs on CPython on Unix and Windows under Python 3.8+. It is also known to run on PyPy 3 (version 3.8 compatible python and above) on UNIX. It supports HTTP/1.0 and HTTP/1.1.]
wsproto,https://github.com/python-hyper/wsproto, b48fa3c5ddf4150ce31fe9153f66cf8aaebe708a,[This repository contains a pure-Python implementation of a WebSocket protocol stack. It's written from the ground up to be embeddable in whatever program you choose to use ensuring that you can communicate via WebSockets as defined in RFC6455 regardless of your programming paradigm. This repository does not provide a parsing layer a network layer or any rules about concurrency. Instead it's a purely in-memory solution defined in terms of data actions and WebSocket frames. RFC6455 and Compression Extensions for WebSocket via RFC7692 are fully supported.]
