https://github.com/AGTGreg/runium,ba89015859976d3426d25a53af5fa4d8827c7483
https://github.com/ConSou/devtracker,ea892d6d48aa5d4627b429469b59ae3f0ce7f10f
https://github.com/Parsely/serpextract,e156430b32eb833686820f490dbcdd989f27baa2
https://github.com/Prodesire/pydu,4a1c2f15f7274d5079fb08b02ab1dbe08c0cefef
https://github.com/QsonLabs/qlmetrics,3a4cc70bb68ef9b476aaee562b82a4d54acfd826
https://github.com/Samreay/ChainConsumer,5606696525d91f11d8093085934fa352b98ce97c
https://github.com/SergeyShk/ruTS,af02f627d9022f0f4825d9bed4ffc97d3d329f2d
https://github.com/bennymeg/Butter.MAS.PythonAPI,f86ebe75df3826f62a268645cdbe4400b43fab07
https://github.com/casamagalhaes/panamah-sdk-python,746f3fb7ebcf01810917bf9afa8e7ff5a4efad21
https://github.com/chakki-works/chazutsu,52b2f8acaac1b6c7eab97dded1a1757d3adcefa7
https://github.com/chinapnr/fishbase,73ae6701eee5d1bdd31a3e7b4d86fa11de9b6522
https://github.com/django-beam/django-beam,43b2111f5c65937aa1e2cc9704b59796e982a805
https://github.com/dowjones/tokendito,f5d8e5171ddcca0c62925263ddb80535f51aded3
https://github.com/edasi/kool,efe847a05c1a07af5eddeeeb700fdefcb6c9ced9
https://github.com/ericmjl/nxviz,d2a2a622e834148a9f4337dbe1021a05c5f18548
https://github.com/eth-cscs/reframe,576eb3f1dcc015d1e6d7a10602c748d4f810da68
https://github.com/ferdinandvwyk/pyfilm,20688f59536c713650516f09e1873fcb5b506a17
https://github.com/fifman/tangle,a36cff74d7f09bf8f24a91929b844ea1be7b1bcd
https://github.com/fooof-tools/fooof,14d6196e0b60c7e6da95b5cf858b20adcc5fc0ac
https://github.com/goodmami/penman,7770dfe14b3d0d197cedc6640f3ff7e3bd695726
https://github.com/goodmami/penman,e83cf6d006724d72a3e19a955aad94412da912b7
https://github.com/grabbles/grabbit,83ff93df36019eaaee9d4e31f816a518e46cae07
https://github.com/heavenshell/py-autodoc,001d5ff03d41a5d714075eb08e666c413d50f0ac
https://github.com/huashengdun/webssh,51d527fe75a62aed239126a6697749a30baecb30
https://github.com/irmen/Tale,a2a26443465ab6978b32d9253e833471500e7b68
https://github.com/jedie/bootstrap_env,ab68025d8f6b9a17d8feeed83e8aae26e3f28769
https://github.com/jerodg/jgutils,6c8ed6aca37d509af8ce1b57635fad62f1c846b4
https://github.com/joegasewicz/Flask-JWT-Router,0fb1e256c81409be6f08d8be12f07e5f58b4f914
https://github.com/kevinarpe/kevinarpe-rambutan3,5d7469912b559338dc15f5c7fb2abc91103ea0c5
https://github.com/klieret/RandomFileTree,aaaa975ae61afa6f0f5b481ebafcfa0f0216e471
https://github.com/ljvmiranda921/pyswarms,08756526f39699eef28e515cac2ead17cef55710
https://github.com/mahmoud/lithoxyl,9961553a065a1ad8bb7a2407fe74f2cfd6c79a20
https://github.com/malpunek/dame,d6568d3088dd0a8b87eb5d278e04ab857a622418
https://github.com/matheuswhite/bluebees,ca18ee6dae60393480bac3893038790957727748
https://github.com/mojochao/configaro,d7b432fb2f99c4cb3c3208082f0afff62454c83d
https://github.com/mortele/OccamTools,26c47709f6b870c89403f03ade0950de9f301639
https://github.com/mtik00/yamicache,1109d08b18be94bdee55e113309f7be29f25d840
https://github.com/neulab/compare-mt,92502b30b1f228773179a01dd86fe1b8dfd400e5
https://github.com/optiflows/tukio,116b35dbceae899d7996b1788449a6e31e3f4512
https://github.com/prancer-io/cloud-validation-framework,94522590d9881a5125d81da701a65f7f63383c0d
https://github.com/pythological/kanren,bacc7eb5895c348e348c1b5291ddf188f88c5c88
https://github.com/qiyangduan/schemaindex,83bfb96c78d194370b068e11f89a9e4d6af48a46
https://github.com/rorymurdock/basic_auth,622f2133c13988cec549f4ea55bed14e50f90876
https://github.com/scrapinghub/spidermon,d58090de7c0fcb656fc4daa19b6119df95df57d6
https://github.com/sdrobert/pydrobert-gpyopt,ce2699ca89687f848c2a86db44eed125d65886de
https://github.com/spulec/freezegun,8994558274161b527ab83a3b13ea5969e9ebd144
https://github.com/starofrainnight/licenraptor,ed543a2b43b75d733579509a78161928ac29234c
https://github.com/stfc/fparser,4be91d2e1078fa5588e84a3299131f297afba675
https://github.com/summa-tx/riemann,0fda32e783487572c869aaabc6af7adba01cbd00
https://github.com/surycat/tukio,116b35dbceae899d7996b1788449a6e31e3f4512
https://github.com/thrau/pymq,101857bca2b705c328d3bda3b26797b51e8ffb70
https://github.com/uriyyo/instapi,6f972e2ae1ccc9a21eb6b18136ee677667cd4ba5
https://github.com/wilfredinni/marlin,85f4ae0080ee9a25c1b8d2e481725ac9c42ca99f
https://github.com/zdhoward/aud,2dfc81dad3da78537e1b1c6f5cc5630ba5b837f9
