airtable-python-wrapper,https://github.com/gtalarico/airtable-python-wrapper,/mnt/efs/people/urshanto/change_aware_utg/test_analysis/projects/airtable-python-wrapper/tests/test_api_enterprise.py,test_info,info#2
airtable-python-wrapper,https://github.com/gtalarico/airtable-python-wrapper,/mnt/efs/people/urshanto/change_aware_utg/test_analysis/projects/airtable-python-wrapper/tests/test_api_enterprise.py,test_user,user#1
airtable-python-wrapper,https://github.com/gtalarico/airtable-python-wrapper,/mnt/efs/people/urshanto/change_aware_utg/test_analysis/projects/airtable-python-wrapper/tests/test_api_enterprise.py,test_user__no_collaboration,user#2
airtable-python-wrapper,https://github.com/gtalarico/airtable-python-wrapper,/mnt/efs/people/urshanto/change_aware_utg/test_analysis/projects/airtable-python-wrapper/tests/test_api_enterprise.py,test_users,users#1
airtable-python-wrapper,https://github.com/gtalarico/airtable-python-wrapper,/mnt/efs/people/urshanto/change_aware_utg/test_analysis/projects/airtable-python-wrapper/tests/test_api_enterprise.py,test_group,group#1
airtable-python-wrapper,https://github.com/gtalarico/airtable-python-wrapper,/mnt/efs/people/urshanto/change_aware_utg/test_analysis/projects/airtable-python-wrapper/tests/test_api_enterprise.py,test_group__no_collaboration,group#2
airtable-python-wrapper,https://github.com/gtalarico/airtable-python-wrapper,/mnt/efs/people/urshanto/change_aware_utg/test_analysis/projects/airtable-python-wrapper/tests/test_api_enterprise.py,test_audit_log,audit_log#0
airtable-python-wrapper,https://github.com/gtalarico/airtable-python-wrapper,/mnt/efs/people/urshanto/change_aware_utg/test_analysis/projects/airtable-python-wrapper/tests/test_api_enterprise.py,test_audit_log__no_loop,audit_log#0
airtable-python-wrapper,https://github.com/gtalarico/airtable-python-wrapper,/mnt/efs/people/urshanto/change_aware_utg/test_analysis/projects/airtable-python-wrapper/tests/test_api_enterprise.py,test_audit_log__sortorder,audit_log#2
airtable-python-wrapper,https://github.com/gtalarico/airtable-python-wrapper,/mnt/efs/people/urshanto/change_aware_utg/test_analysis/projects/airtable-python-wrapper/tests/test_api_enterprise.py,test_remove_user,remove_user#2
airtable-python-wrapper,https://github.com/gtalarico/airtable-python-wrapper,/mnt/efs/people/urshanto/change_aware_utg/test_analysis/projects/airtable-python-wrapper/tests/test_api_enterprise.py,test_delete_user,delete#0
airtable-python-wrapper,https://github.com/gtalarico/airtable-python-wrapper,/mnt/efs/people/urshanto/change_aware_utg/test_analysis/projects/airtable-python-wrapper/tests/test_api_enterprise.py,test_manage_user,manage_user#1
airtable-python-wrapper,https://github.com/gtalarico/airtable-python-wrapper,/mnt/efs/people/urshanto/change_aware_utg/test_analysis/projects/airtable-python-wrapper/tests/test_api_enterprise.py,test_logout_user,logout#1
airtable-python-wrapper,https://github.com/gtalarico/airtable-python-wrapper,/mnt/efs/people/urshanto/change_aware_utg/test_analysis/projects/airtable-python-wrapper/tests/test_api_enterprise.py,test_claim_users,claim_users#1
airtable-python-wrapper,https://github.com/gtalarico/airtable-python-wrapper,/mnt/efs/people/urshanto/change_aware_utg/test_analysis/projects/airtable-python-wrapper/tests/test_api_enterprise.py,test_delete_users,delete_users#2
airtable-python-wrapper,https://github.com/gtalarico/airtable-python-wrapper,/mnt/efs/people/urshanto/change_aware_utg/test_analysis/projects/airtable-python-wrapper/tests/test_api_enterprise.py,test_manage_admin_access,grant_admin#3
airtable-python-wrapper,https://github.com/gtalarico/airtable-python-wrapper,/mnt/efs/people/urshanto/change_aware_utg/test_analysis/projects/airtable-python-wrapper/tests/test_models_webhook.py,test_toggle_notifications,enable_notifications#0
airtable-python-wrapper,https://github.com/gtalarico/airtable-python-wrapper,/mnt/efs/people/urshanto/change_aware_utg/test_analysis/projects/airtable-python-wrapper/tests/test_models_webhook.py,test_extend_expiration,extend_expiration#1
airtable-python-wrapper,https://github.com/gtalarico/airtable-python-wrapper,/mnt/efs/people/urshanto/change_aware_utg/test_analysis/projects/airtable-python-wrapper/tests/test_models_webhook.py,test_delete,delete#0
airtable-python-wrapper,https://github.com/gtalarico/airtable-python-wrapper,/mnt/efs/people/urshanto/change_aware_utg/test_analysis/projects/airtable-python-wrapper/tests/test_models_webhook.py,test_error_payload,Unable to determine the focal method(s)
airtable-python-wrapper,https://github.com/gtalarico/airtable-python-wrapper,/mnt/efs/people/urshanto/change_aware_utg/test_analysis/projects/airtable-python-wrapper/tests/test_models_webhook.py,test_payloads,payloads#0
airtable-python-wrapper,https://github.com/gtalarico/airtable-python-wrapper,/mnt/efs/people/urshanto/change_aware_utg/test_analysis/projects/airtable-python-wrapper/tests/test_models_webhook.py,test_payloads__stop_on_empty_list,payloads#0
airtable-python-wrapper,https://github.com/gtalarico/airtable-python-wrapper,/mnt/efs/people/urshanto/change_aware_utg/test_analysis/projects/airtable-python-wrapper/tests/test_models_webhook.py,test_notification_from_request,from_request#3
airtable-python-wrapper,https://github.com/gtalarico/airtable-python-wrapper,/mnt/efs/people/urshanto/change_aware_utg/test_analysis/projects/airtable-python-wrapper/tests/test_api_types.py,test_is_airtable_error,is_airtable_error#1
airtable-python-wrapper,https://github.com/gtalarico/airtable-python-wrapper,/mnt/efs/people/urshanto/change_aware_utg/test_analysis/projects/airtable-python-wrapper/tests/test_testing.py,test_fake_function,fake_id#1
airtable-python-wrapper,https://github.com/gtalarico/airtable-python-wrapper,/mnt/efs/people/urshanto/change_aware_utg/test_analysis/projects/airtable-python-wrapper/tests/test_orm.py,test_model_basics,save#0
airtable-python-wrapper,https://github.com/gtalarico/airtable-python-wrapper,/mnt/efs/people/urshanto/change_aware_utg/test_analysis/projects/airtable-python-wrapper/tests/test_orm.py,test_unsupplied_fields,Unable to determine the focal method(s)
airtable-python-wrapper,https://github.com/gtalarico/airtable-python-wrapper,/mnt/efs/people/urshanto/change_aware_utg/test_analysis/projects/airtable-python-wrapper/tests/test_orm.py,test_null_fields,Unable to determine the focal method(s)
airtable-python-wrapper,https://github.com/gtalarico/airtable-python-wrapper,/mnt/efs/people/urshanto/change_aware_utg/test_analysis/projects/airtable-python-wrapper/tests/test_orm.py,test_first,first#0
airtable-python-wrapper,https://github.com/gtalarico/airtable-python-wrapper,/mnt/efs/people/urshanto/change_aware_utg/test_analysis/projects/airtable-python-wrapper/tests/test_orm.py,test_first_none,first#0
airtable-python-wrapper,https://github.com/gtalarico/airtable-python-wrapper,/mnt/efs/people/urshanto/change_aware_utg/test_analysis/projects/airtable-python-wrapper/tests/test_orm.py,test_from_record,from_id#2
airtable-python-wrapper,https://github.com/gtalarico/airtable-python-wrapper,/mnt/efs/people/urshanto/change_aware_utg/test_analysis/projects/airtable-python-wrapper/tests/test_orm.py,test_linked_record,from_id#2
airtable-python-wrapper,https://github.com/gtalarico/airtable-python-wrapper,/mnt/efs/people/urshanto/change_aware_utg/test_analysis/projects/airtable-python-wrapper/tests/test_orm.py,test_linked_record_can_be_saved,save#0
airtable-python-wrapper,https://github.com/gtalarico/airtable-python-wrapper,/mnt/efs/people/urshanto/change_aware_utg/test_analysis/projects/airtable-python-wrapper/tests/test_orm.py,test_save__raise_on_unsaved_link,save#1
airtable-python-wrapper,https://github.com/gtalarico/airtable-python-wrapper,/mnt/efs/people/urshanto/change_aware_utg/test_analysis/projects/airtable-python-wrapper/tests/test_orm.py,test_undeclared_field,from_id#2
airtable-python-wrapper,https://github.com/gtalarico/airtable-python-wrapper,/mnt/efs/people/urshanto/change_aware_utg/test_analysis/projects/airtable-python-wrapper/tests/test_orm.py,test_batch_save,batch_save#1
airtable-python-wrapper,https://github.com/gtalarico/airtable-python-wrapper,/mnt/efs/people/urshanto/change_aware_utg/test_analysis/projects/airtable-python-wrapper/tests/test_orm.py,test_batch_save__invalid_class,batch_save#1
airtable-python-wrapper,https://github.com/gtalarico/airtable-python-wrapper,/mnt/efs/people/urshanto/change_aware_utg/test_analysis/projects/airtable-python-wrapper/tests/test_orm.py,test_batch_save__raise_on_unsaved_link,batch_save#1
airtable-python-wrapper,https://github.com/gtalarico/airtable-python-wrapper,/mnt/efs/people/urshanto/change_aware_utg/test_analysis/projects/airtable-python-wrapper/tests/test_orm.py,test_batch_delete__unsaved_record,batch_delete#1
airtable-python-wrapper,https://github.com/gtalarico/airtable-python-wrapper,/mnt/efs/people/urshanto/change_aware_utg/test_analysis/projects/airtable-python-wrapper/tests/test_orm.py,test_batch_delete__invalid_class,batch_delete#1
airtable-python-wrapper,https://github.com/gtalarico/airtable-python-wrapper,/mnt/efs/people/urshanto/change_aware_utg/test_analysis/projects/airtable-python-wrapper/tests/test_orm_model.py,test_model_meta_dict,Unable to determine the focal method(s)
airtable-python-wrapper,https://github.com/gtalarico/airtable-python-wrapper,/mnt/efs/people/urshanto/change_aware_utg/test_analysis/projects/airtable-python-wrapper/tests/test_orm_model.py,test_repr,repr#1
airtable-python-wrapper,https://github.com/gtalarico/airtable-python-wrapper,/mnt/efs/people/urshanto/change_aware_utg/test_analysis/projects/airtable-python-wrapper/tests/test_orm_model.py,test_fetch,fetch#0
airtable-python-wrapper,https://github.com/gtalarico/airtable-python-wrapper,/mnt/efs/people/urshanto/change_aware_utg/test_analysis/projects/airtable-python-wrapper/tests/test_orm_model.py,test_model_comment_method,comments#0
airtable-python-wrapper,https://github.com/gtalarico/airtable-python-wrapper,/mnt/efs/people/urshanto/change_aware_utg/test_analysis/projects/airtable-python-wrapper/tests/test_orm_model.py,test_from_id,from_id#1
airtable-python-wrapper,https://github.com/gtalarico/airtable-python-wrapper,/mnt/efs/people/urshanto/change_aware_utg/test_analysis/projects/airtable-python-wrapper/tests/test_orm_model.py,test_from_ids,from_ids#1
airtable-python-wrapper,https://github.com/gtalarico/airtable-python-wrapper,/mnt/efs/people/urshanto/change_aware_utg/test_analysis/projects/airtable-python-wrapper/tests/test_orm_model.py,test_from_ids__no_fetch,from_ids#2
airtable-python-wrapper,https://github.com/gtalarico/airtable-python-wrapper,/mnt/efs/people/urshanto/change_aware_utg/test_analysis/projects/airtable-python-wrapper/tests/test_orm_model.py,test_get_fields_by_id,Unable to determine the focal method(s)
airtable-python-wrapper,https://github.com/gtalarico/airtable-python-wrapper,/mnt/efs/people/urshanto/change_aware_utg/test_analysis/projects/airtable-python-wrapper/tests/test_orm_model.py,test_meta_wrapper,Unable to determine the focal method(s)
airtable-python-wrapper,https://github.com/gtalarico/airtable-python-wrapper,/mnt/efs/people/urshanto/change_aware_utg/test_analysis/projects/airtable-python-wrapper/tests/test_orm_model.py,test_meta_dict,Unable to determine the focal method(s)
airtable-python-wrapper,https://github.com/gtalarico/airtable-python-wrapper,/mnt/efs/people/urshanto/change_aware_utg/test_analysis/projects/airtable-python-wrapper/tests/test_orm_model.py,test_dynamic_model_meta,Unable to determine the focal method(s)
airtable-python-wrapper,https://github.com/gtalarico/airtable-python-wrapper,/mnt/efs/people/urshanto/change_aware_utg/test_analysis/projects/airtable-python-wrapper/tests/test_models_comment.py,test_missing_attributes,Unable to determine the focal method(s)
airtable-python-wrapper,https://github.com/gtalarico/airtable-python-wrapper,/mnt/efs/people/urshanto/change_aware_utg/test_analysis/projects/airtable-python-wrapper/tests/test_models_comment.py,test_save,save#0
airtable-python-wrapper,https://github.com/gtalarico/airtable-python-wrapper,/mnt/efs/people/urshanto/change_aware_utg/test_analysis/projects/airtable-python-wrapper/tests/test_models_comment.py,test_delete,delete#0
airtable-python-wrapper,https://github.com/gtalarico/airtable-python-wrapper,/mnt/efs/people/urshanto/change_aware_utg/test_analysis/projects/airtable-python-wrapper/tests/test_models_comment.py,test_table_comments,comments#1
airtable-python-wrapper,https://github.com/gtalarico/airtable-python-wrapper,/mnt/efs/people/urshanto/change_aware_utg/test_analysis/projects/airtable-python-wrapper/tests/test_models_comment.py,test_table_add_comment,add_comment#2
airtable-python-wrapper,https://github.com/gtalarico/airtable-python-wrapper,/mnt/efs/people/urshanto/change_aware_utg/test_analysis/projects/airtable-python-wrapper/tests/test_models_schema.py,test_find_in_collection,find_in_collection#3
airtable-python-wrapper,https://github.com/gtalarico/airtable-python-wrapper,/mnt/efs/people/urshanto/change_aware_utg/test_analysis/projects/airtable-python-wrapper/tests/test_models_schema.py,test_deserialized_values,Unable to determine the focal method(s)
airtable-python-wrapper,https://github.com/gtalarico/airtable-python-wrapper,/mnt/efs/people/urshanto/change_aware_utg/test_analysis/projects/airtable-python-wrapper/tests/test_models_schema.py,test_find,find#1
airtable-python-wrapper,https://github.com/gtalarico/airtable-python-wrapper,/mnt/efs/people/urshanto/change_aware_utg/test_analysis/projects/airtable-python-wrapper/tests/test_models_schema.py,test_base_collaborators__add,add_user#2
airtable-python-wrapper,https://github.com/gtalarico/airtable-python-wrapper,/mnt/efs/people/urshanto/change_aware_utg/test_analysis/projects/airtable-python-wrapper/tests/test_models_schema.py,test_workspace_collaborators__add,workspace.collaborators().add_user#2
airtable-python-wrapper,https://github.com/gtalarico/airtable-python-wrapper,/mnt/efs/people/urshanto/change_aware_utg/test_analysis/projects/airtable-python-wrapper/tests/test_models_schema.py,test_update_collaborator,collaborators().update#2
airtable-python-wrapper,https://github.com/gtalarico/airtable-python-wrapper,/mnt/efs/people/urshanto/change_aware_utg/test_analysis/projects/airtable-python-wrapper/tests/test_models_schema.py,test_remove_collaborator,collaborators().remove#1
airtable-python-wrapper,https://github.com/gtalarico/airtable-python-wrapper,/mnt/efs/people/urshanto/change_aware_utg/test_analysis/projects/airtable-python-wrapper/tests/test_models_schema.py,test_invite_link__delete,delete#0
airtable-python-wrapper,https://github.com/gtalarico/airtable-python-wrapper,/mnt/efs/people/urshanto/change_aware_utg/test_analysis/projects/airtable-python-wrapper/tests/test_models_schema.py,test_add_interface_collaborator,add_user#2
airtable-python-wrapper,https://github.com/gtalarico/airtable-python-wrapper,/mnt/efs/people/urshanto/change_aware_utg/test_analysis/projects/airtable-python-wrapper/tests/test_models_schema.py,test_update_interface_collaborator,update#3
airtable-python-wrapper,https://github.com/gtalarico/airtable-python-wrapper,/mnt/efs/people/urshanto/change_aware_utg/test_analysis/projects/airtable-python-wrapper/tests/test_models_schema.py,test_remove_interface_collaborator,remove#2
airtable-python-wrapper,https://github.com/gtalarico/airtable-python-wrapper,/mnt/efs/people/urshanto/change_aware_utg/test_analysis/projects/airtable-python-wrapper/tests/test_models_schema.py,test_add_collaborator__invalid_kind,add_collaborators#3
airtable-python-wrapper,https://github.com/gtalarico/airtable-python-wrapper,/mnt/efs/people/urshanto/change_aware_utg/test_analysis/projects/airtable-python-wrapper/tests/test_models_schema.py,test_add_collaborators,add_collaborators#1
airtable-python-wrapper,https://github.com/gtalarico/airtable-python-wrapper,/mnt/efs/people/urshanto/change_aware_utg/test_analysis/projects/airtable-python-wrapper/tests/test_models_schema.py,test_restful_urls,Unable to determine the focal method(s)
airtable-python-wrapper,https://github.com/gtalarico/airtable-python-wrapper,/mnt/efs/people/urshanto/change_aware_utg/test_analysis/projects/airtable-python-wrapper/tests/test_models_schema.py,test_share__enable,enable#0
airtable-python-wrapper,https://github.com/gtalarico/airtable-python-wrapper,/mnt/efs/people/urshanto/change_aware_utg/test_analysis/projects/airtable-python-wrapper/tests/test_models_schema.py,test_share__disable,disable#0
airtable-python-wrapper,https://github.com/gtalarico/airtable-python-wrapper,/mnt/efs/people/urshanto/change_aware_utg/test_analysis/projects/airtable-python-wrapper/tests/test_models_schema.py,test_share__delete,delete#0
airtable-python-wrapper,https://github.com/gtalarico/airtable-python-wrapper,/mnt/efs/people/urshanto/change_aware_utg/test_analysis/projects/airtable-python-wrapper/tests/test_models_schema.py,test_workspace_restrictions,save#0
airtable-python-wrapper,https://github.com/gtalarico/airtable-python-wrapper,/mnt/efs/people/urshanto/change_aware_utg/test_analysis/projects/airtable-python-wrapper/tests/test_params.py,test_convert_options_to_params,options_to_params#1
airtable-python-wrapper,https://github.com/gtalarico/airtable-python-wrapper,/mnt/efs/people/urshanto/change_aware_utg/test_analysis/projects/airtable-python-wrapper/tests/test_params.py,test_convert_options_to_json,options_to_json_and_params#1
airtable-python-wrapper,https://github.com/gtalarico/airtable-python-wrapper,/mnt/efs/people/urshanto/change_aware_utg/test_analysis/projects/airtable-python-wrapper/tests/test_params.py,test_dict_list_to_request_params,dict_list_to_request_params#2
airtable-python-wrapper,https://github.com/gtalarico/airtable-python-wrapper,/mnt/efs/people/urshanto/change_aware_utg/test_analysis/projects/airtable-python-wrapper/tests/test_params.py,test_field_names_to_sorting_dict,field_names_to_sorting_dict#1
airtable-python-wrapper,https://github.com/gtalarico/airtable-python-wrapper,/mnt/efs/people/urshanto/change_aware_utg/test_analysis/projects/airtable-python-wrapper/tests/test_orm_fields.py,test_field,Unable to determine the focal method(s)
airtable-python-wrapper,https://github.com/gtalarico/airtable-python-wrapper,/mnt/efs/people/urshanto/change_aware_utg/test_analysis/projects/airtable-python-wrapper/tests/test_orm_fields.py,test_description,Unable to determine the focal method(s)
airtable-python-wrapper,https://github.com/gtalarico/airtable-python-wrapper,/mnt/efs/people/urshanto/change_aware_utg/test_analysis/projects/airtable-python-wrapper/tests/test_orm_fields.py,test_repr,repr#1
airtable-python-wrapper,https://github.com/gtalarico/airtable-python-wrapper,/mnt/efs/people/urshanto/change_aware_utg/test_analysis/projects/airtable-python-wrapper/tests/test_orm_fields.py,test_orm_missing_values,Unable to determine the focal method(s)
airtable-python-wrapper,https://github.com/gtalarico/airtable-python-wrapper,/mnt/efs/people/urshanto/change_aware_utg/test_analysis/projects/airtable-python-wrapper/tests/test_orm_fields.py,test_type_validation_LinkField,Unable to determine the focal method(s)
airtable-python-wrapper,https://github.com/gtalarico/airtable-python-wrapper,/mnt/efs/people/urshanto/change_aware_utg/test_analysis/projects/airtable-python-wrapper/tests/test_orm_fields.py,test_readonly_fields,to_internal_value#2
airtable-python-wrapper,https://github.com/gtalarico/airtable-python-wrapper,/mnt/efs/people/urshanto/change_aware_utg/test_analysis/projects/airtable-python-wrapper/tests/test_orm_fields.py,test_writable_fields,to_internal_value#2
airtable-python-wrapper,https://github.com/gtalarico/airtable-python-wrapper,/mnt/efs/people/urshanto/change_aware_utg/test_analysis/projects/airtable-python-wrapper/tests/test_orm_fields.py,test_accepts_null,Unable to determine the focal method(s)
airtable-python-wrapper,https://github.com/gtalarico/airtable-python-wrapper,/mnt/efs/people/urshanto/change_aware_utg/test_analysis/projects/airtable-python-wrapper/tests/test_orm_fields.py,test_invalid_kwarg,Unable to determine the focal method(s)
airtable-python-wrapper,https://github.com/gtalarico/airtable-python-wrapper,/mnt/efs/people/urshanto/change_aware_utg/test_analysis/projects/airtable-python-wrapper/tests/test_orm_fields.py,test_list_field_with_none,Unable to determine the focal method(s)
airtable-python-wrapper,https://github.com/gtalarico/airtable-python-wrapper,/mnt/efs/people/urshanto/change_aware_utg/test_analysis/projects/airtable-python-wrapper/tests/test_orm_fields.py,test_link_field,LinkField#2
airtable-python-wrapper,https://github.com/gtalarico/airtable-python-wrapper,/mnt/efs/people/urshanto/change_aware_utg/test_analysis/projects/airtable-python-wrapper/tests/test_orm_fields.py,test_link_field__linked_model,Unable to determine the focal method(s)
airtable-python-wrapper,https://github.com/gtalarico/airtable-python-wrapper,/mnt/efs/people/urshanto/change_aware_utg/test_analysis/projects/airtable-python-wrapper/tests/test_orm_fields.py,test_link_field__cycle,Unable to determine the focal method(s)
airtable-python-wrapper,https://github.com/gtalarico/airtable-python-wrapper,/mnt/efs/people/urshanto/change_aware_utg/test_analysis/projects/airtable-python-wrapper/tests/test_orm_fields.py,test_link_field__load_many,Unable to determine the focal method(s)
airtable-python-wrapper,https://github.com/gtalarico/airtable-python-wrapper,/mnt/efs/people/urshanto/change_aware_utg/test_analysis/projects/airtable-python-wrapper/tests/test_orm_fields.py,test_single_link_field,SingleLinkField#3
airtable-python-wrapper,https://github.com/gtalarico/airtable-python-wrapper,/mnt/efs/people/urshanto/change_aware_utg/test_analysis/projects/airtable-python-wrapper/tests/test_orm_fields.py,test_single_link_field__multiple_values,SingleLinkField.__set__#2
airtable-python-wrapper,https://github.com/gtalarico/airtable-python-wrapper,/mnt/efs/people/urshanto/change_aware_utg/test_analysis/projects/airtable-python-wrapper/tests/test_orm_fields.py,test_link_field__populate,populate#2
airtable-python-wrapper,https://github.com/gtalarico/airtable-python-wrapper,/mnt/efs/people/urshanto/change_aware_utg/test_analysis/projects/airtable-python-wrapper/tests/test_orm_fields.py,test_lookup_field,to_internal_value#1
airtable-python-wrapper,https://github.com/gtalarico/airtable-python-wrapper,/mnt/efs/people/urshanto/change_aware_utg/test_analysis/projects/airtable-python-wrapper/tests/test_orm_fields.py,test_datetime_timezones,datetime_to_iso_str#1
airtable-python-wrapper,https://github.com/gtalarico/airtable-python-wrapper,/mnt/efs/people/urshanto/change_aware_utg/test_analysis/projects/airtable-python-wrapper/tests/test_orm_fields.py,test_select_field,Unable to determine the focal method(s)
airtable-python-wrapper,https://github.com/gtalarico/airtable-python-wrapper,/mnt/efs/people/urshanto/change_aware_utg/test_analysis/projects/airtable-python-wrapper/tests/test_models.py,test_raw,from_api#2
airtable-python-wrapper,https://github.com/gtalarico/airtable-python-wrapper,/mnt/efs/people/urshanto/change_aware_utg/test_analysis/projects/airtable-python-wrapper/tests/test_models.py,test_from_api,from_api#4
airtable-python-wrapper,https://github.com/gtalarico/airtable-python-wrapper,/mnt/efs/people/urshanto/change_aware_utg/test_analysis/projects/airtable-python-wrapper/tests/test_models.py,test_save,save#0
airtable-python-wrapper,https://github.com/gtalarico/airtable-python-wrapper,/mnt/efs/people/urshanto/change_aware_utg/test_analysis/projects/airtable-python-wrapper/tests/test_models.py,test_save__nested_reload,Unable to determine the focal method(s)
airtable-python-wrapper,https://github.com/gtalarico/airtable-python-wrapper,/mnt/efs/people/urshanto/change_aware_utg/test_analysis/projects/airtable-python-wrapper/tests/test_models.py,test_delete,delete#0
airtable-python-wrapper,https://github.com/gtalarico/airtable-python-wrapper,/mnt/efs/people/urshanto/change_aware_utg/test_analysis/projects/airtable-python-wrapper/tests/test_models.py,test_restfulmodel__set_url,Unable to determine the focal method(s)
airtable-python-wrapper,https://github.com/gtalarico/airtable-python-wrapper,/mnt/efs/people/urshanto/change_aware_utg/test_analysis/projects/airtable-python-wrapper/tests/test_models.py,test_datetime_conversion,Unable to determine the focal method(s)
airtable-python-wrapper,https://github.com/gtalarico/airtable-python-wrapper,/mnt/efs/people/urshanto/change_aware_utg/test_analysis/projects/airtable-python-wrapper/tests/test_api_base.py,test_constructor,Unable to determine the focal method(s)
airtable-python-wrapper,https://github.com/gtalarico/airtable-python-wrapper,/mnt/efs/people/urshanto/change_aware_utg/test_analysis/projects/airtable-python-wrapper/tests/test_api_base.py,test_deprecated_constructor,Base#2
airtable-python-wrapper,https://github.com/gtalarico/airtable-python-wrapper,/mnt/efs/people/urshanto/change_aware_utg/test_analysis/projects/airtable-python-wrapper/tests/test_api_base.py,test_repr,__repr__#1
airtable-python-wrapper,https://github.com/gtalarico/airtable-python-wrapper,/mnt/efs/people/urshanto/change_aware_utg/test_analysis/projects/airtable-python-wrapper/tests/test_api_base.py,test_url,Unable to determine the focal method(s)
airtable-python-wrapper,https://github.com/gtalarico/airtable-python-wrapper,/mnt/efs/people/urshanto/change_aware_utg/test_analysis/projects/airtable-python-wrapper/tests/test_api_base.py,test_schema,schema#1
airtable-python-wrapper,https://github.com/gtalarico/airtable-python-wrapper,/mnt/efs/people/urshanto/change_aware_utg/test_analysis/projects/airtable-python-wrapper/tests/test_api_base.py,test_table,table#2
airtable-python-wrapper,https://github.com/gtalarico/airtable-python-wrapper,/mnt/efs/people/urshanto/change_aware_utg/test_analysis/projects/airtable-python-wrapper/tests/test_api_base.py,test_table_validate,table#3
airtable-python-wrapper,https://github.com/gtalarico/airtable-python-wrapper,/mnt/efs/people/urshanto/change_aware_utg/test_analysis/projects/airtable-python-wrapper/tests/test_api_base.py,test_tables,tables#1
airtable-python-wrapper,https://github.com/gtalarico/airtable-python-wrapper,/mnt/efs/people/urshanto/change_aware_utg/test_analysis/projects/airtable-python-wrapper/tests/test_api_base.py,test_collaborators,collaborators#0
airtable-python-wrapper,https://github.com/gtalarico/airtable-python-wrapper,/mnt/efs/people/urshanto/change_aware_utg/test_analysis/projects/airtable-python-wrapper/tests/test_api_base.py,test_shares,shares#0
airtable-python-wrapper,https://github.com/gtalarico/airtable-python-wrapper,/mnt/efs/people/urshanto/change_aware_utg/test_analysis/projects/airtable-python-wrapper/tests/test_api_base.py,test_webhooks,webhooks#0
airtable-python-wrapper,https://github.com/gtalarico/airtable-python-wrapper,/mnt/efs/people/urshanto/change_aware_utg/test_analysis/projects/airtable-python-wrapper/tests/test_api_base.py,test_webhook,webhook#1
airtable-python-wrapper,https://github.com/gtalarico/airtable-python-wrapper,/mnt/efs/people/urshanto/change_aware_utg/test_analysis/projects/airtable-python-wrapper/tests/test_api_base.py,test_add_webhook,add_webhook#3
airtable-python-wrapper,https://github.com/gtalarico/airtable-python-wrapper,/mnt/efs/people/urshanto/change_aware_utg/test_analysis/projects/airtable-python-wrapper/tests/test_api_base.py,test_name,base#0
airtable-python-wrapper,https://github.com/gtalarico/airtable-python-wrapper,/mnt/efs/people/urshanto/change_aware_utg/test_analysis/projects/airtable-python-wrapper/tests/test_api_base.py,test_create_table,create_table#3
airtable-python-wrapper,https://github.com/gtalarico/airtable-python-wrapper,/mnt/efs/people/urshanto/change_aware_utg/test_analysis/projects/airtable-python-wrapper/tests/test_api_base.py,test_schema_refresh,create_table#3
airtable-python-wrapper,https://github.com/gtalarico/airtable-python-wrapper,/mnt/efs/people/urshanto/change_aware_utg/test_analysis/projects/airtable-python-wrapper/tests/test_api_base.py,test_delete,delete#0
airtable-python-wrapper,https://github.com/gtalarico/airtable-python-wrapper,/mnt/efs/people/urshanto/change_aware_utg/test_analysis/projects/airtable-python-wrapper/tests/test_api_base.py,test_delete__enterprise_only_table,delete#0
airtable-python-wrapper,https://github.com/gtalarico/airtable-python-wrapper,/mnt/efs/people/urshanto/change_aware_utg/test_analysis/projects/airtable-python-wrapper/tests/test_api_workspace.py,test_collaborators,collaborators#0
airtable-python-wrapper,https://github.com/gtalarico/airtable-python-wrapper,/mnt/efs/people/urshanto/change_aware_utg/test_analysis/projects/airtable-python-wrapper/tests/test_api_workspace.py,test_name,Unable to determine the focal method(s)
airtable-python-wrapper,https://github.com/gtalarico/airtable-python-wrapper,/mnt/efs/people/urshanto/change_aware_utg/test_analysis/projects/airtable-python-wrapper/tests/test_api_workspace.py,test_bases,bases#0
airtable-python-wrapper,https://github.com/gtalarico/airtable-python-wrapper,/mnt/efs/people/urshanto/change_aware_utg/test_analysis/projects/airtable-python-wrapper/tests/test_api_workspace.py,test_create_base,create_base#2
airtable-python-wrapper,https://github.com/gtalarico/airtable-python-wrapper,/mnt/efs/people/urshanto/change_aware_utg/test_analysis/projects/airtable-python-wrapper/tests/test_api_workspace.py,test_delete,delete#0
airtable-python-wrapper,https://github.com/gtalarico/airtable-python-wrapper,/mnt/efs/people/urshanto/change_aware_utg/test_analysis/projects/airtable-python-wrapper/tests/test_api_workspace.py,test_move_base,move_base#2
airtable-python-wrapper,https://github.com/gtalarico/airtable-python-wrapper,/mnt/efs/people/urshanto/change_aware_utg/test_analysis/projects/airtable-python-wrapper/tests/test_orm_model__memoization.py,test_memoize__from_id,from_id#2
airtable-python-wrapper,https://github.com/gtalarico/airtable-python-wrapper,/mnt/efs/people/urshanto/change_aware_utg/test_analysis/projects/airtable-python-wrapper/tests/test_orm_model__memoization.py,test_from_id,from_id#1
airtable-python-wrapper,https://github.com/gtalarico/airtable-python-wrapper,/mnt/efs/people/urshanto/change_aware_utg/test_analysis/projects/airtable-python-wrapper/tests/test_orm_model__memoization.py,test_from_ids,from_ids#1
airtable-python-wrapper,https://github.com/gtalarico/airtable-python-wrapper,/mnt/efs/people/urshanto/change_aware_utg/test_analysis/projects/airtable-python-wrapper/tests/test_orm_model__memoization.py,test_memoize__link_field,link_field#1
airtable-python-wrapper,https://github.com/gtalarico/airtable-python-wrapper,/mnt/efs/people/urshanto/change_aware_utg/test_analysis/projects/airtable-python-wrapper/tests/test_orm_model__memoization.py,test_memoize__link_field__populate,populate#2
airtable-python-wrapper,https://github.com/gtalarico/airtable-python-wrapper,/mnt/efs/people/urshanto/change_aware_utg/test_analysis/projects/airtable-python-wrapper/tests/test_url_escape.py,test_url_escape,table#1
airtable-python-wrapper,https://github.com/gtalarico/airtable-python-wrapper,/mnt/efs/people/urshanto/change_aware_utg/test_analysis/projects/airtable-python-wrapper/tests/test_api_api.py,test_repr,__repr__#1
airtable-python-wrapper,https://github.com/gtalarico/airtable-python-wrapper,/mnt/efs/people/urshanto/change_aware_utg/test_analysis/projects/airtable-python-wrapper/tests/test_api_api.py,test_get_base,base#1
airtable-python-wrapper,https://github.com/gtalarico/airtable-python-wrapper,/mnt/efs/people/urshanto/change_aware_utg/test_analysis/projects/airtable-python-wrapper/tests/test_api_api.py,test_get_table,table#2
airtable-python-wrapper,https://github.com/gtalarico/airtable-python-wrapper,/mnt/efs/people/urshanto/change_aware_utg/test_analysis/projects/airtable-python-wrapper/tests/test_api_api.py,test_default_endpoint_url,build_url#2
airtable-python-wrapper,https://github.com/gtalarico/airtable-python-wrapper,/mnt/efs/people/urshanto/change_aware_utg/test_analysis/projects/airtable-python-wrapper/tests/test_api_api.py,test_endpoint_url,build_url#2
airtable-python-wrapper,https://github.com/gtalarico/airtable-python-wrapper,/mnt/efs/people/urshanto/change_aware_utg/test_analysis/projects/airtable-python-wrapper/tests/test_api_api.py,test_endpoint_url_with_trailing_slash,build_url#2
airtable-python-wrapper,https://github.com/gtalarico/airtable-python-wrapper,/mnt/efs/people/urshanto/change_aware_utg/test_analysis/projects/airtable-python-wrapper/tests/test_api_api.py,test_update_api_key,update_api_key#1
airtable-python-wrapper,https://github.com/gtalarico/airtable-python-wrapper,/mnt/efs/people/urshanto/change_aware_utg/test_analysis/projects/airtable-python-wrapper/tests/test_api_api.py,test_whoami,whoami#0
airtable-python-wrapper,https://github.com/gtalarico/airtable-python-wrapper,/mnt/efs/people/urshanto/change_aware_utg/test_analysis/projects/airtable-python-wrapper/tests/test_api_api.py,test_base,base#2
airtable-python-wrapper,https://github.com/gtalarico/airtable-python-wrapper,/mnt/efs/people/urshanto/change_aware_utg/test_analysis/projects/airtable-python-wrapper/tests/test_api_api.py,test_bases,bases#1
airtable-python-wrapper,https://github.com/gtalarico/airtable-python-wrapper,/mnt/efs/people/urshanto/change_aware_utg/test_analysis/projects/airtable-python-wrapper/tests/test_api_api.py,test_iterate_requests,iterate_requests#3
airtable-python-wrapper,https://github.com/gtalarico/airtable-python-wrapper,/mnt/efs/people/urshanto/change_aware_utg/test_analysis/projects/airtable-python-wrapper/tests/test_api_api.py,test_iterate_requests__invalid_type,iterate_requests#3
airtable-python-wrapper,https://github.com/gtalarico/airtable-python-wrapper,/mnt/efs/people/urshanto/change_aware_utg/test_analysis/projects/airtable-python-wrapper/tests/test_api_api.py,test_workspace,workspace#1
airtable-python-wrapper,https://github.com/gtalarico/airtable-python-wrapper,/mnt/efs/people/urshanto/change_aware_utg/test_analysis/projects/airtable-python-wrapper/tests/test_api_api.py,test_enterprise,enterprise#1
airtable-python-wrapper,https://github.com/gtalarico/airtable-python-wrapper,/mnt/efs/people/urshanto/change_aware_utg/test_analysis/projects/airtable-python-wrapper/tests/test_models_collaborator.py,test_parse,parse_obj#1
airtable-python-wrapper,https://github.com/gtalarico/airtable-python-wrapper,/mnt/efs/people/urshanto/change_aware_utg/test_analysis/projects/airtable-python-wrapper/tests/test_models_collaborator.py,test_init,__init__#1
airtable-python-wrapper,https://github.com/gtalarico/airtable-python-wrapper,/mnt/efs/people/urshanto/change_aware_utg/test_analysis/projects/airtable-python-wrapper/tests/test_api_retrying.py,test_without_retry_strategy__succeed,Unable to determine the focal method(s)
airtable-python-wrapper,https://github.com/gtalarico/airtable-python-wrapper,/mnt/efs/people/urshanto/change_aware_utg/test_analysis/projects/airtable-python-wrapper/tests/test_api_retrying.py,test_retry_eventual_success,retry_strategy#2
airtable-python-wrapper,https://github.com/gtalarico/airtable-python-wrapper,/mnt/efs/people/urshanto/change_aware_utg/test_analysis/projects/airtable-python-wrapper/tests/test_api_retrying.py,test_retry_during_iterate,Unable to determine the focal method(s)
airtable-python-wrapper,https://github.com/gtalarico/airtable-python-wrapper,/mnt/efs/people/urshanto/change_aware_utg/test_analysis/projects/airtable-python-wrapper/tests/test_utils.py,test_datetime_utils,datetime_to_iso_str#1
airtable-python-wrapper,https://github.com/gtalarico/airtable-python-wrapper,/mnt/efs/people/urshanto/change_aware_utg/test_analysis/projects/airtable-python-wrapper/tests/test_utils.py,test_date_utils,date_to_iso_str#1
airtable-python-wrapper,https://github.com/gtalarico/airtable-python-wrapper,/mnt/efs/people/urshanto/change_aware_utg/test_analysis/projects/airtable-python-wrapper/tests/test_utils.py,test_attachment,attachment#2
airtable-python-wrapper,https://github.com/gtalarico/airtable-python-wrapper,/mnt/efs/people/urshanto/change_aware_utg/test_analysis/projects/airtable-python-wrapper/tests/test_utils.py,test_id_check,is_airtable_id#1
airtable-python-wrapper,https://github.com/gtalarico/airtable-python-wrapper,/mnt/efs/people/urshanto/change_aware_utg/test_analysis/projects/airtable-python-wrapper/tests/test_utils.py,test_converter,coerce_iso_str#1
airtable-python-wrapper,https://github.com/gtalarico/airtable-python-wrapper,/mnt/efs/people/urshanto/change_aware_utg/test_analysis/projects/airtable-python-wrapper/tests/test_api_table.py,test_constructor,constructor#3
airtable-python-wrapper,https://github.com/gtalarico/airtable-python-wrapper,/mnt/efs/people/urshanto/change_aware_utg/test_analysis/projects/airtable-python-wrapper/tests/test_api_table.py,test_constructor_with_schema,__init__#3
airtable-python-wrapper,https://github.com/gtalarico/airtable-python-wrapper,/mnt/efs/people/urshanto/change_aware_utg/test_analysis/projects/airtable-python-wrapper/tests/test_api_table.py,test_deprecated_constructor,Unable to determine the focal method(s)
airtable-python-wrapper,https://github.com/gtalarico/airtable-python-wrapper,/mnt/efs/people/urshanto/change_aware_utg/test_analysis/projects/airtable-python-wrapper/tests/test_api_table.py,test_repr,test_repr#1
airtable-python-wrapper,https://github.com/gtalarico/airtable-python-wrapper,/mnt/efs/people/urshanto/change_aware_utg/test_analysis/projects/airtable-python-wrapper/tests/test_api_table.py,test_schema,schema#1
airtable-python-wrapper,https://github.com/gtalarico/airtable-python-wrapper,/mnt/efs/people/urshanto/change_aware_utg/test_analysis/projects/airtable-python-wrapper/tests/test_api_table.py,test_id,Unable to determine the focal method(s)
airtable-python-wrapper,https://github.com/gtalarico/airtable-python-wrapper,/mnt/efs/people/urshanto/change_aware_utg/test_analysis/projects/airtable-python-wrapper/tests/test_api_table.py,test_url,table#2
airtable-python-wrapper,https://github.com/gtalarico/airtable-python-wrapper,/mnt/efs/people/urshanto/change_aware_utg/test_analysis/projects/airtable-python-wrapper/tests/test_api_table.py,test_chunk,chunked#2
airtable-python-wrapper,https://github.com/gtalarico/airtable-python-wrapper,/mnt/efs/people/urshanto/change_aware_utg/test_analysis/projects/airtable-python-wrapper/tests/test_api_table.py,test_record_url,record_url#2
airtable-python-wrapper,https://github.com/gtalarico/airtable-python-wrapper,/mnt/efs/people/urshanto/change_aware_utg/test_analysis/projects/airtable-python-wrapper/tests/test_api_table.py,test_get,get#1
airtable-python-wrapper,https://github.com/gtalarico/airtable-python-wrapper,/mnt/efs/people/urshanto/change_aware_utg/test_analysis/projects/airtable-python-wrapper/tests/test_api_table.py,test_first,first#0
airtable-python-wrapper,https://github.com/gtalarico/airtable-python-wrapper,/mnt/efs/people/urshanto/change_aware_utg/test_analysis/projects/airtable-python-wrapper/tests/test_api_table.py,test_first_via_post,first#2
airtable-python-wrapper,https://github.com/gtalarico/airtable-python-wrapper,/mnt/efs/people/urshanto/change_aware_utg/test_analysis/projects/airtable-python-wrapper/tests/test_api_table.py,test_first_none,first#0
airtable-python-wrapper,https://github.com/gtalarico/airtable-python-wrapper,/mnt/efs/people/urshanto/change_aware_utg/test_analysis/projects/airtable-python-wrapper/tests/test_api_table.py,test_all,all#1
airtable-python-wrapper,https://github.com/gtalarico/airtable-python-wrapper,/mnt/efs/people/urshanto/change_aware_utg/test_analysis/projects/airtable-python-wrapper/tests/test_api_table.py,test_iterate,iterate#1
airtable-python-wrapper,https://github.com/gtalarico/airtable-python-wrapper,/mnt/efs/people/urshanto/change_aware_utg/test_analysis/projects/airtable-python-wrapper/tests/test_api_table.py,test_create,create#1
airtable-python-wrapper,https://github.com/gtalarico/airtable-python-wrapper,/mnt/efs/people/urshanto/change_aware_utg/test_analysis/projects/airtable-python-wrapper/tests/test_api_table.py,test_batch_create,batch_create#1
airtable-python-wrapper,https://github.com/gtalarico/airtable-python-wrapper,/mnt/efs/people/urshanto/change_aware_utg/test_analysis/projects/airtable-python-wrapper/tests/test_api_table.py,test_update,update#3
airtable-python-wrapper,https://github.com/gtalarico/airtable-python-wrapper,/mnt/efs/people/urshanto/change_aware_utg/test_analysis/projects/airtable-python-wrapper/tests/test_api_table.py,test_batch_update,batch_update#2
airtable-python-wrapper,https://github.com/gtalarico/airtable-python-wrapper,/mnt/efs/people/urshanto/change_aware_utg/test_analysis/projects/airtable-python-wrapper/tests/test_api_table.py,test_batch_upsert,batch_upsert#3
airtable-python-wrapper,https://github.com/gtalarico/airtable-python-wrapper,/mnt/efs/people/urshanto/change_aware_utg/test_analysis/projects/airtable-python-wrapper/tests/test_api_table.py,test_delete,delete#1
airtable-python-wrapper,https://github.com/gtalarico/airtable-python-wrapper,/mnt/efs/people/urshanto/change_aware_utg/test_analysis/projects/airtable-python-wrapper/tests/test_api_table.py,test_batch_delete,batch_delete#1
airtable-python-wrapper,https://github.com/gtalarico/airtable-python-wrapper,/mnt/efs/people/urshanto/change_aware_utg/test_analysis/projects/airtable-python-wrapper/tests/test_api_table.py,test_create_field,create_field#4
airtable-python-wrapper,https://github.com/gtalarico/airtable-python-wrapper,/mnt/efs/people/urshanto/change_aware_utg/test_analysis/projects/airtable-python-wrapper/tests/test_api_table.py,test_delete_view,delete#0
airtable-python-wrapper,https://github.com/gtalarico/airtable-python-wrapper,/mnt/efs/people/urshanto/change_aware_utg/test_analysis/projects/airtable-python-wrapper/tests/test_formulas.py,test_equivalence,Formula#1
airtable-python-wrapper,https://github.com/gtalarico/airtable-python-wrapper,/mnt/efs/people/urshanto/change_aware_utg/test_analysis/projects/airtable-python-wrapper/tests/test_formulas.py,test_operators,Unable to determine the focal method(s)
airtable-python-wrapper,https://github.com/gtalarico/airtable-python-wrapper,/mnt/efs/people/urshanto/change_aware_utg/test_analysis/projects/airtable-python-wrapper/tests/test_formulas.py,test_comparisons,cmp#2
airtable-python-wrapper,https://github.com/gtalarico/airtable-python-wrapper,/mnt/efs/people/urshanto/change_aware_utg/test_analysis/projects/airtable-python-wrapper/tests/test_formulas.py,test_comparison_shortcuts,Unable to determine the focal method(s)
airtable-python-wrapper,https://github.com/gtalarico/airtable-python-wrapper,/mnt/efs/people/urshanto/change_aware_utg/test_analysis/projects/airtable-python-wrapper/tests/test_formulas.py,test_comparison_equivalence,EQ#2
airtable-python-wrapper,https://github.com/gtalarico/airtable-python-wrapper,/mnt/efs/people/urshanto/change_aware_utg/test_analysis/projects/airtable-python-wrapper/tests/test_formulas.py,test_compound,Compound#2
airtable-python-wrapper,https://github.com/gtalarico/airtable-python-wrapper,/mnt/efs/people/urshanto/change_aware_utg/test_analysis/projects/airtable-python-wrapper/tests/test_formulas.py,test_compound_with_iterable,Compound#2
airtable-python-wrapper,https://github.com/gtalarico/airtable-python-wrapper,/mnt/efs/people/urshanto/change_aware_utg/test_analysis/projects/airtable-python-wrapper/tests/test_formulas.py,test_compound_equivalence,Compound#2
airtable-python-wrapper,https://github.com/gtalarico/airtable-python-wrapper,/mnt/efs/people/urshanto/change_aware_utg/test_analysis/projects/airtable-python-wrapper/tests/test_formulas.py,test_compound_constructors,Unable to determine the focal method(s)
airtable-python-wrapper,https://github.com/gtalarico/airtable-python-wrapper,/mnt/efs/people/urshanto/change_aware_utg/test_analysis/projects/airtable-python-wrapper/tests/test_formulas.py,test_compound_flatten,flatten#0
airtable-python-wrapper,https://github.com/gtalarico/airtable-python-wrapper,/mnt/efs/people/urshanto/change_aware_utg/test_analysis/projects/airtable-python-wrapper/tests/test_formulas.py,test_compound_with_compound,Unable to determine the focal method(s)
airtable-python-wrapper,https://github.com/gtalarico/airtable-python-wrapper,/mnt/efs/people/urshanto/change_aware_utg/test_analysis/projects/airtable-python-wrapper/tests/test_formulas.py,test_not,NOT#1
airtable-python-wrapper,https://github.com/gtalarico/airtable-python-wrapper,/mnt/efs/people/urshanto/change_aware_utg/test_analysis/projects/airtable-python-wrapper/tests/test_formulas.py,test_to_formula,to_formula#1
airtable-python-wrapper,https://github.com/gtalarico/airtable-python-wrapper,/mnt/efs/people/urshanto/change_aware_utg/test_analysis/projects/airtable-python-wrapper/tests/test_formulas.py,test_to_formula_str,to_formula_str#1
airtable-python-wrapper,https://github.com/gtalarico/airtable-python-wrapper,/mnt/efs/people/urshanto/change_aware_utg/test_analysis/projects/airtable-python-wrapper/tests/test_formulas.py,test_match,match#2
airtable-python-wrapper,https://github.com/gtalarico/airtable-python-wrapper,/mnt/efs/people/urshanto/change_aware_utg/test_analysis/projects/airtable-python-wrapper/tests/test_formulas.py,test_function_call,FunctionCall#4
airtable-python-wrapper,https://github.com/gtalarico/airtable-python-wrapper,/mnt/efs/people/urshanto/change_aware_utg/test_analysis/projects/airtable-python-wrapper/tests/test_formulas.py,test_function_call_equivalence,TODAY#0
airtable-python-wrapper,https://github.com/gtalarico/airtable-python-wrapper,/mnt/efs/people/urshanto/change_aware_utg/test_analysis/projects/airtable-python-wrapper/tests/test_formulas.py,test_field_name,field_name#1
airtable-python-wrapper,https://github.com/gtalarico/airtable-python-wrapper,/mnt/efs/people/urshanto/change_aware_utg/test_analysis/projects/airtable-python-wrapper/tests/test_formulas.py,test_quoted,quoted#1
airtable-python-wrapper,https://github.com/gtalarico/airtable-python-wrapper,/mnt/efs/people/urshanto/change_aware_utg/test_analysis/projects/airtable-python-wrapper/tests/test_formulas.py,test_orm_field_comparison_shortcuts,Unable to determine the focal method(s)
airtable-python-wrapper,https://github.com/gtalarico/airtable-python-wrapper,/mnt/efs/people/urshanto/change_aware_utg/test_analysis/projects/airtable-python-wrapper/tests/test_formulas.py,test_orm_field_as_formula,to_formula_str#1
airtable-python-wrapper,https://github.com/gtalarico/airtable-python-wrapper,/mnt/efs/people/urshanto/change_aware_utg/test_analysis/projects/airtable-python-wrapper/tests/test_formulas.py,test_function_calls,Unable to determine the focal method(s)
airtable-python-wrapper,https://github.com/gtalarico/airtable-python-wrapper,/mnt/efs/people/urshanto/change_aware_utg/test_analysis/projects/airtable-python-wrapper/tests/integration/test_integration_metadata.py,test_api_bases,bases#1
airtable-python-wrapper,https://github.com/gtalarico/airtable-python-wrapper,/mnt/efs/people/urshanto/change_aware_utg/test_analysis/projects/airtable-python-wrapper/tests/integration/test_integration_metadata.py,test_api_base,base#3
airtable-python-wrapper,https://github.com/gtalarico/airtable-python-wrapper,/mnt/efs/people/urshanto/change_aware_utg/test_analysis/projects/airtable-python-wrapper/tests/integration/test_integration_metadata.py,test_base_schema,schema#1
airtable-python-wrapper,https://github.com/gtalarico/airtable-python-wrapper,/mnt/efs/people/urshanto/change_aware_utg/test_analysis/projects/airtable-python-wrapper/tests/integration/test_integration_metadata.py,test_table_schema,Unable to determine the focal method(s)
airtable-python-wrapper,https://github.com/gtalarico/airtable-python-wrapper,/mnt/efs/people/urshanto/change_aware_utg/test_analysis/projects/airtable-python-wrapper/tests/integration/test_integration_enterprise.py,test_user,whoami#0
airtable-python-wrapper,https://github.com/gtalarico/airtable-python-wrapper,/mnt/efs/people/urshanto/change_aware_utg/test_analysis/projects/airtable-python-wrapper/tests/integration/test_integration_enterprise.py,test_users,users#1
airtable-python-wrapper,https://github.com/gtalarico/airtable-python-wrapper,/mnt/efs/people/urshanto/change_aware_utg/test_analysis/projects/airtable-python-wrapper/tests/integration/test_integration_enterprise.py,test_create_table,create_table#2
airtable-python-wrapper,https://github.com/gtalarico/airtable-python-wrapper,/mnt/efs/people/urshanto/change_aware_utg/test_analysis/projects/airtable-python-wrapper/tests/integration/test_integration_enterprise.py,test_update_table,schema.save#0
airtable-python-wrapper,https://github.com/gtalarico/airtable-python-wrapper,/mnt/efs/people/urshanto/change_aware_utg/test_analysis/projects/airtable-python-wrapper/tests/integration/test_integration_enterprise.py,test_create_field,create_field#3
airtable-python-wrapper,https://github.com/gtalarico/airtable-python-wrapper,/mnt/efs/people/urshanto/change_aware_utg/test_analysis/projects/airtable-python-wrapper/tests/integration/test_integration_enterprise.py,test_update_field,save#0
airtable-python-wrapper,https://github.com/gtalarico/airtable-python-wrapper,/mnt/efs/people/urshanto/change_aware_utg/test_analysis/projects/airtable-python-wrapper/tests/integration/test_integration_enterprise.py,test_audit_log,audit_log#1
airtable-python-wrapper,https://github.com/gtalarico/airtable-python-wrapper,/mnt/efs/people/urshanto/change_aware_utg/test_analysis/projects/airtable-python-wrapper/tests/integration/test_integration_api.py,test_integration_table,create#2
airtable-python-wrapper,https://github.com/gtalarico/airtable-python-wrapper,/mnt/efs/people/urshanto/change_aware_utg/test_analysis/projects/airtable-python-wrapper/tests/integration/test_integration_api.py,test_use_field_ids,create#2
airtable-python-wrapper,https://github.com/gtalarico/airtable-python-wrapper,/mnt/efs/people/urshanto/change_aware_utg/test_analysis/projects/airtable-python-wrapper/tests/integration/test_integration_api.py,test_get_records_options,all#9
airtable-python-wrapper,https://github.com/gtalarico/airtable-python-wrapper,/mnt/efs/people/urshanto/change_aware_utg/test_analysis/projects/airtable-python-wrapper/tests/integration/test_integration_api.py,test_integration_field_equals,first#2
airtable-python-wrapper,https://github.com/gtalarico/airtable-python-wrapper,/mnt/efs/people/urshanto/change_aware_utg/test_analysis/projects/airtable-python-wrapper/tests/integration/test_integration_api.py,test_batch_upsert,batch_upsert#4
airtable-python-wrapper,https://github.com/gtalarico/airtable-python-wrapper,/mnt/efs/people/urshanto/change_aware_utg/test_analysis/projects/airtable-python-wrapper/tests/integration/test_integration_api.py,test_integration_formula_datetime,Unable to determine the focal method(s)
airtable-python-wrapper,https://github.com/gtalarico/airtable-python-wrapper,/mnt/efs/people/urshanto/change_aware_utg/test_analysis/projects/airtable-python-wrapper/tests/integration/test_integration_api.py,test_integration_formula_date_filter,Unable to determine the focal method(s)
airtable-python-wrapper,https://github.com/gtalarico/airtable-python-wrapper,/mnt/efs/people/urshanto/change_aware_utg/test_analysis/projects/airtable-python-wrapper/tests/integration/test_integration_api.py,test_integration_field_equals_with_quotes,Unable to determine the focal method(s)
airtable-python-wrapper,https://github.com/gtalarico/airtable-python-wrapper,/mnt/efs/people/urshanto/change_aware_utg/test_analysis/projects/airtable-python-wrapper/tests/integration/test_integration_api.py,test_integration_formula_composition,Unable to determine the focal method(s)
airtable-python-wrapper,https://github.com/gtalarico/airtable-python-wrapper,/mnt/efs/people/urshanto/change_aware_utg/test_analysis/projects/airtable-python-wrapper/tests/integration/test_integration_api.py,test_integration_attachment,Unable to determine the focal method(s)
airtable-python-wrapper,https://github.com/gtalarico/airtable-python-wrapper,/mnt/efs/people/urshanto/change_aware_utg/test_analysis/projects/airtable-python-wrapper/tests/integration/test_integration_api.py,test_integration_attachment_multiple,create#1
airtable-python-wrapper,https://github.com/gtalarico/airtable-python-wrapper,/mnt/efs/people/urshanto/change_aware_utg/test_analysis/projects/airtable-python-wrapper/tests/integration/test_integration_api.py,test_integration_comments,add_comment#2
airtable-python-wrapper,https://github.com/gtalarico/airtable-python-wrapper,/mnt/efs/people/urshanto/change_aware_utg/test_analysis/projects/airtable-python-wrapper/tests/integration/test_integration_webhooks.py,test_webhook,add_webhook#3
airtable-python-wrapper,https://github.com/gtalarico/airtable-python-wrapper,/mnt/efs/people/urshanto/change_aware_utg/test_analysis/projects/airtable-python-wrapper/tests/integration/test_integration_orm.py,test_integration_orm,save#0
airtable-python-wrapper,https://github.com/gtalarico/airtable-python-wrapper,/mnt/efs/people/urshanto/change_aware_utg/test_analysis/projects/airtable-python-wrapper/tests/integration/test_integration_orm.py,test_undeclared_fields,Unable to determine the focal method(s)
airtable-python-wrapper,https://github.com/gtalarico/airtable-python-wrapper,/mnt/efs/people/urshanto/change_aware_utg/test_analysis/projects/airtable-python-wrapper/tests/integration/test_integration_orm.py,test_every_field,Unable to determine the focal method(s)
