proj_name,test_filename,test_method,test_line_num,fm_filename,fm_method,fm_line_num
airtable-python-wrapper,/mnt/efs/people/urshanto/change_aware_utg/test_analysis/projects/airtable-python-wrapper/tests/test_api_api.py,test_bases,[96-107],/mnt/efs/people/urshanto/change_aware_utg/test_analysis/projects/airtable-python-wrapper/pyairtable/api/api.py,bases,[150-166]
airtable-python-wrapper,/mnt/efs/people/urshanto/change_aware_utg/test_analysis/projects/airtable-python-wrapper/tests/test_api_api.py,test_enterprise,[132-136],/mnt/efs/people/urshanto/change_aware_utg/test_analysis/projects/airtable-python-wrapper/pyairtable/api/api.py,enterprise,[357-362]
airtable-python-wrapper,/mnt/efs/people/urshanto/change_aware_utg/test_analysis/projects/airtable-python-wrapper/tests/test_api_base.py,test_shares,[123-127],/mnt/efs/people/urshanto/change_aware_utg/test_analysis/projects/airtable-python-wrapper/pyairtable/api/base.py,shares,[297-305]
airtable-python-wrapper,/mnt/efs/people/urshanto/change_aware_utg/test_analysis/projects/airtable-python-wrapper/tests/test_api_base.py,test_webhook,[142-148],/mnt/efs/people/urshanto/change_aware_utg/test_analysis/projects/airtable-python-wrapper/pyairtable/api/base.py,webhook,[224-234]
airtable-python-wrapper,/mnt/efs/people/urshanto/change_aware_utg/test_analysis/projects/airtable-python-wrapper/tests/test_api_enterprise.py,test_users,[125-138],/mnt/efs/people/urshanto/change_aware_utg/test_analysis/projects/airtable-python-wrapper/pyairtable/api/enterprise.py,users,[69-104]
airtable-python-wrapper,/mnt/efs/people/urshanto/change_aware_utg/test_analysis/projects/airtable-python-wrapper/tests/test_api_table.py,test_create,[280-290],/mnt/efs/people/urshanto/change_aware_utg/test_analysis/projects/airtable-python-wrapper/pyairtable/api/table.py,create,[289-315]
airtable-python-wrapper,/mnt/efs/people/urshanto/change_aware_utg/test_analysis/projects/airtable-python-wrapper/tests/test_api_table.py,test_create_field,[414-453],/mnt/efs/people/urshanto/change_aware_utg/test_analysis/projects/airtable-python-wrapper/pyairtable/api/table.py,create_field,[642-677]
airtable-python-wrapper,/mnt/efs/people/urshanto/change_aware_utg/test_analysis/projects/airtable-python-wrapper/tests/test_api_workspace.py,test_bases,[33-38],/mnt/efs/people/urshanto/change_aware_utg/test_analysis/projects/airtable-python-wrapper/pyairtable/api/api.py,bases,[150-166]
airtable-python-wrapper,/mnt/efs/people/urshanto/change_aware_utg/test_analysis/projects/airtable-python-wrapper/tests/test_api_workspace.py,test_move_base,[56-82],/mnt/efs/people/urshanto/change_aware_utg/test_analysis/projects/airtable-python-wrapper/pyairtable/api/workspace.py,move_base,[94-117]
airtable-python-wrapper,/mnt/efs/people/urshanto/change_aware_utg/test_analysis/projects/airtable-python-wrapper/tests/test_models.py,test_from_api,[68-86],/mnt/efs/people/urshanto/change_aware_utg/test_analysis/projects/airtable-python-wrapper/pyairtable/models/_base.py,from_api,[49-71]
airtable-python-wrapper,/mnt/efs/people/urshanto/change_aware_utg/test_analysis/projects/airtable-python-wrapper/tests/test_models_comment.py,test_table_add_comment,[141-150],/mnt/efs/people/urshanto/change_aware_utg/test_analysis/projects/airtable-python-wrapper/pyairtable/api/table.py,add_comment,[595-619]
airtable-python-wrapper,/mnt/efs/people/urshanto/change_aware_utg/test_analysis/projects/airtable-python-wrapper/tests/test_models_schema.py,test_add_collaborators,[331-351],/mnt/efs/people/urshanto/change_aware_utg/test_analysis/projects/airtable-python-wrapper/pyairtable/models/schema.py,add_collaborators,[105-116]
airtable-python-wrapper,/mnt/efs/people/urshanto/change_aware_utg/test_analysis/projects/airtable-python-wrapper/tests/test_models_webhook.py,test_notification_from_request,[177-203],/mnt/efs/people/urshanto/change_aware_utg/test_analysis/projects/airtable-python-wrapper/pyairtable/models/webhook.py,from_request,[210-240]
airtable-python-wrapper,/mnt/efs/people/urshanto/change_aware_utg/test_analysis/projects/airtable-python-wrapper/tests/test_orm_fields.py,test_link_field__populate,[860-899],/mnt/efs/people/urshanto/change_aware_utg/test_analysis/projects/airtable-python-wrapper/pyairtable/orm/fields.py,populate,[828-836]
ddlparse,/mnt/efs/people/urshanto/change_aware_utg/test_analysis/projects/ddlparse/test/test_ddlparse.py,test_bq_ddl,[1282-1299],/mnt/efs/people/urshanto/change_aware_utg/test_analysis/projects/ddlparse/ddlparse/ddlparse.py,to_bigquery_ddl,[515-574]
ddlparse,/mnt/efs/people/urshanto/change_aware_utg/test_analysis/projects/ddlparse/test/test_ddlparse.py,test_parse,[1152-1279],/mnt/efs/people/urshanto/change_aware_utg/test_analysis/projects/ddlparse/ddlparse/ddlparse.py,parse,[699-748]
deprecated,/mnt/efs/people/urshanto/change_aware_utg/test_analysis/projects/deprecated/tests/test_deprecated_metaclass.py,test_with_new,[41-61],/mnt/efs/people/urshanto/change_aware_utg/test_analysis/projects/deprecated/tests/test_deprecated_metaclass.py,__new__,[44-47]
deprecated,/mnt/efs/people/urshanto/change_aware_utg/test_analysis/projects/deprecated/tests/test_sphinx_metaclass.py,test_with_new,[41-61],/mnt/efs/people/urshanto/change_aware_utg/test_analysis/projects/deprecated/tests/test_sphinx_metaclass.py,__new__,[44-47]
eemeter,/mnt/efs/people/urshanto/change_aware_utg/test_analysis/projects/eemeter/tests/test_caltrack_design_matrices.py,test_create_caltrack_hourly_segmented_design_matrices,[126-163],/mnt/efs/people/urshanto/change_aware_utg/test_analysis/projects/eemeter/eemeter/eemeter/models/hourly/design_matrices.py,create_caltrack_hourly_segmented_design_matrices,[151-194]
eemeter,/mnt/efs/people/urshanto/change_aware_utg/test_analysis/projects/eemeter/tests/test_caltrack_hourly.py,test_fit_caltrack_hourly_model,[174-193],/mnt/efs/people/urshanto/change_aware_utg/test_analysis/projects/eemeter/eemeter/eemeter/models/hourly/model.py,fit_caltrack_hourly_model,[575-629]
eemeter,/mnt/efs/people/urshanto/change_aware_utg/test_analysis/projects/eemeter/tests/test_caltrack_hourly.py,test_fit_caltrack_hourly_model_nans_less_than_week_predict,[281-304],/mnt/efs/people/urshanto/change_aware_utg/test_analysis/projects/eemeter/eemeter/eemeter/models/hourly/model.py,fit_caltrack_hourly_model,[575-629]
eemeter,/mnt/efs/people/urshanto/change_aware_utg/test_analysis/projects/eemeter/tests/test_features.py,test_compute_temperature_features_shorter_temperature_data,[743-759],/mnt/efs/people/urshanto/change_aware_utg/test_analysis/projects/eemeter/eemeter/eemeter/common/features.py,compute_temperature_features,[299-545]
eemeter,/mnt/efs/people/urshanto/change_aware_utg/test_analysis/projects/eemeter/tests/test_features.py,test_fit_temperature_bins_no_segmentation,[1033-1039],/mnt/efs/people/urshanto/change_aware_utg/test_analysis/projects/eemeter/eemeter/eemeter/common/features.py,fit_temperature_bins,[681-809]
eemeter,/mnt/efs/people/urshanto/change_aware_utg/test_analysis/projects/eemeter/tests/test_features.py,test_fit_temperature_bins_one_month_segmentation,[1065-1084],/mnt/efs/people/urshanto/change_aware_utg/test_analysis/projects/eemeter/eemeter/eemeter/common/features.py,fit_temperature_bins,[681-809]
eemeter,/mnt/efs/people/urshanto/change_aware_utg/test_analysis/projects/eemeter/tests/test_io.py,test_meter_data_from_csv,[37-46],/mnt/efs/people/urshanto/change_aware_utg/test_analysis/projects/eemeter/eemeter/eemeter/utilities/io.py,meter_data_from_csv,[33-98]
eemeter,/mnt/efs/people/urshanto/change_aware_utg/test_analysis/projects/eemeter/tests/test_io.py,test_meter_data_from_csv_daily_freq,[82-90],/mnt/efs/people/urshanto/change_aware_utg/test_analysis/projects/eemeter/eemeter/eemeter/utilities/io.py,meter_data_from_csv,[33-98]
eemeter,/mnt/efs/people/urshanto/change_aware_utg/test_analysis/projects/eemeter/tests/test_io.py,test_meter_data_from_csv_hourly_freq,[71-79],/mnt/efs/people/urshanto/change_aware_utg/test_analysis/projects/eemeter/eemeter/eemeter/utilities/io.py,meter_data_from_csv,[33-98]
eemeter,/mnt/efs/people/urshanto/change_aware_utg/test_analysis/projects/eemeter/tests/test_io.py,test_meter_data_from_json_orient_records,[127-136],/mnt/efs/people/urshanto/change_aware_utg/test_analysis/projects/eemeter/eemeter/eemeter/utilities/io.py,meter_data_from_json,[166-241]
eemeter,/mnt/efs/people/urshanto/change_aware_utg/test_analysis/projects/eemeter/tests/test_io.py,test_temperature_data_from_csv_custom_columns,[239-248],/mnt/efs/people/urshanto/change_aware_utg/test_analysis/projects/eemeter/eemeter/eemeter/utilities/io.py,temperature_data_from_csv,[101-163]
eemeter,/mnt/efs/people/urshanto/change_aware_utg/test_analysis/projects/eemeter/tests/test_json_serialization.py,test_json_billing,[80-120],/mnt/efs/people/urshanto/change_aware_utg/test_analysis/projects/eemeter/eemeter/eemeter/models/daily/model.py,to_json,[292-293]
eemeter,/mnt/efs/people/urshanto/change_aware_utg/test_analysis/projects/eemeter/tests/test_json_serialization.py,test_json_daily,[37-77],/mnt/efs/people/urshanto/change_aware_utg/test_analysis/projects/eemeter/eemeter/eemeter/models/daily/model.py,to_json,[292-293]
gunicorn,/mnt/efs/people/urshanto/change_aware_utg/test_analysis/projects/gunicorn/tests/test_util.py,test_import_app_bad,[78-97],/mnt/efs/people/urshanto/change_aware_utg/test_analysis/projects/gunicorn/gunicorn/util.py,import_app,[363-443]
gunicorn,/mnt/efs/people/urshanto/change_aware_utg/test_analysis/projects/gunicorn/tests/test_util.py,test_import_app_good,[64-75],/mnt/efs/people/urshanto/change_aware_utg/test_analysis/projects/gunicorn/gunicorn/util.py,import_app,[363-443]
intervals,/mnt/efs/people/urshanto/change_aware_utg/test_analysis/projects/intervals/tests/interval/test_initialization.py,test_empty_string_as_lower_bound,[98-103],/mnt/efs/people/urshanto/change_aware_utg/test_analysis/projects/intervals/intervals/interval.py,from_string,[784-793]
intervals,/mnt/efs/people/urshanto/change_aware_utg/test_analysis/projects/intervals/tests/interval/test_initialization.py,test_step_argument_for_from_string,[85-89],/mnt/efs/people/urshanto/change_aware_utg/test_analysis/projects/intervals/intervals/interval.py,from_string,[784-793]
pyairtable,/mnt/efs/people/urshanto/change_aware_utg/test_analysis/projects/pyairtable/tests/test_api_api.py,test_enterprise,[132-136],/mnt/efs/people/urshanto/change_aware_utg/test_analysis/projects/pyairtable/pyairtable/api/api.py,enterprise,[357-362]
pyairtable,/mnt/efs/people/urshanto/change_aware_utg/test_analysis/projects/pyairtable/tests/test_api_base.py,test_schema,[65-74],/mnt/efs/people/urshanto/change_aware_utg/test_analysis/projects/pyairtable/pyairtable/api/base.py,schema,[175-191]
pyairtable,/mnt/efs/people/urshanto/change_aware_utg/test_analysis/projects/pyairtable/tests/test_api_base.py,test_webhook,[142-148],/mnt/efs/people/urshanto/change_aware_utg/test_analysis/projects/pyairtable/pyairtable/api/base.py,webhook,[224-234]
pyairtable,/mnt/efs/people/urshanto/change_aware_utg/test_analysis/projects/pyairtable/tests/test_api_enterprise.py,test_audit_log__no_loop,[186-200],/mnt/efs/people/urshanto/change_aware_utg/test_analysis/projects/pyairtable/pyairtable/api/enterprise.py,audit_log,[106-227]
pyairtable,/mnt/efs/people/urshanto/change_aware_utg/test_analysis/projects/pyairtable/tests/test_api_table.py,test_batch_create,[293-304],/mnt/efs/people/urshanto/change_aware_utg/test_analysis/projects/pyairtable/pyairtable/api/table.py,batch_create,[317-362]
pyairtable,/mnt/efs/people/urshanto/change_aware_utg/test_analysis/projects/pyairtable/tests/test_api_table.py,test_schema,[86-94],/mnt/efs/people/urshanto/change_aware_utg/test_analysis/projects/pyairtable/pyairtable/api/base.py,schema,[175-191]
pyairtable,/mnt/efs/people/urshanto/change_aware_utg/test_analysis/projects/pyairtable/tests/test_models.py,test_from_api,[68-86],/mnt/efs/people/urshanto/change_aware_utg/test_analysis/projects/pyairtable/pyairtable/models/_base.py,from_api,[49-71]
pyairtable,/mnt/efs/people/urshanto/change_aware_utg/test_analysis/projects/pyairtable/tests/test_models.py,test_save,[89-101],/mnt/efs/people/urshanto/change_aware_utg/test_analysis/projects/pyairtable/pyairtable/models/_base.py,save,[241-266]
pyairtable,/mnt/efs/people/urshanto/change_aware_utg/test_analysis/projects/pyairtable/tests/test_models_comment.py,test_save,[77-97],/mnt/efs/people/urshanto/change_aware_utg/test_analysis/projects/pyairtable/pyairtable/models/_base.py,save,[241-266]
pyairtable,/mnt/efs/people/urshanto/change_aware_utg/test_analysis/projects/pyairtable/tests/test_orm.py,test_from_record,[115-138],/mnt/efs/people/urshanto/change_aware_utg/test_analysis/projects/pyairtable/pyairtable/orm/model.py,from_id,[359-382]
pyairtable,/mnt/efs/people/urshanto/change_aware_utg/test_analysis/projects/pyairtable/tests/test_orm_fields.py,test_link_field__populate,[863-902],/mnt/efs/people/urshanto/change_aware_utg/test_analysis/projects/pyairtable/pyairtable/orm/fields.py,populate,[828-836]
